Rk,Player,WS,Season,Age,Team,G,GS,AS,WS,ORtg,DRtg,OWS,DWS,WS/48,OBPM,DBPM,BPM,VORP,PER,ORB%,DRB%,TRB%,AST%,STL%,BLK%,TOV%,USG%,Pos,Player-additional
1,Derrick Coleman,5.8,1990-91,23,NJN,74,68,0,5.8,106,106,2.4,3.4,.108,0.7,-0.3,0.4,1.5,17.6,10.4,20.5,15.3,9.8,1.3,2.2,14.4,23.3,F-C,colemde01
2,Felton Spencer,5.6,1990-91,23,MIN,81,46,0,5.6,121,108,3.5,2.1,.128,-2.3,-0.4,-2.6,-0.3,13.8,14.1,21.8,17.7,1.6,1.2,3.7,13.5,11.7,C,spencfe01
3,Dee Brown,3.5,1990-91,22,BOS,82,5,0,3.5,108,109,1.8,1.8,.087,-0.9,0.0,-0.9,0.5,13.2,2.5,7.4,5.2,22.5,2.1,0.4,16.7,17.7,G,brownde01
4,Gary Payton,3.4,1990-91,22,SEA,82,82,0,3.4,104,108,1.0,2.4,.073,-0.5,1.3,0.8,1.6,13.2,5.7,7.3,6.5,30.8,3.7,0.4,22.6,14.9,G,paytoga01
5,Duane Causwell,2.8,1990-91,22,SAC,76,55,0,2.8,103,106,0.6,2.2,.079,-2.7,1.3,-1.4,0.3,13.0,9.1,16.9,12.9,6.1,1.4,5.5,16.5,14.8,C,causwdu01
6,Lionel Simmons,2.7,1990-91,22,SAC,79,79,0,2.7,97,106,-0.9,3.6,.044,-0.5,0.1,-0.4,1.2,15.4,7.2,19.7,13.3,17.7,1.9,1.8,13.4,25.3,F-G,simmoli01
7,Dennis Scott,2.6,1990-91,22,ORL,82,73,0,2.6,104,112,1.4,1.2,.054,-0.2,-1.3,-1.5,0.3,13.0,2.8,8.3,5.5,9.3,1.3,0.6,9.1,24.4,F,scottde01
8,Loy Vaught,2.2,1990-91,22,LAC,73,0,0,2.2,107,107,0.8,1.4,.091,-2.0,-0.9,-2.9,-0.3,12.1,11.1,20.9,16.0,4.8,0.8,1.2,11.1,15.2,F,vaughlo01
9,Willie Burton,2.1,1990-91,22,MIA,76,26,0,2.1,101,110,0.5,1.6,.052,-2.8,-0.7,-3.4,-0.7,11.5,6.3,8.9,7.6,8.5,1.8,0.8,13.8,22.1,F-G,burtowi01
10,Tyrone Hill,2.1,1990-91,22,GSW,74,22,0,2.1,108,108,0.9,1.1,.084,-3.3,-1.4,-4.7,-0.8,10.5,14.5,20.9,17.7,2.1,1.3,1.5,16.4,14.7,F,hillty01
11,Travis Mays,2.1,1990-91,22,SAC,64,55,0,2.1,102,112,0.8,1.3,.047,-0.8,-1.1,-1.9,0.0,12.3,2.8,6.7,4.7,18.3,1.9,0.3,15.5,21.0,G,maystr01
12,Kendall Gill,1.8,1990-91,22,CHH,82,36,0,1.8,100,110,0.2,1.6,.044,0.3,0.4,0.7,1.3,15.4,6.0,9.6,7.8,24.5,2.6,1.2,15.1,23.6,G,gillke01
13,Mario Elie,1.6,1990-91,27,GSWPHI,33,0,0,1.6,122,112,1.3,0.3,.122,0.3,-0.5,-0.2,0.3,12.9,7.9,10.9,9.4,9.0,1.4,0.9,13.1,14.2,G-F,eliema01
14,Terry Mills,1.3,1990-91,23,DENNJN,55,2,0,1.3,105,108,0.4,0.9,.078,-2.1,-0.5,-2.7,-0.1,13.6,9.5,19.3,14.1,5.5,1.9,2.0,11.9,16.8,F,millste01
15,Cedric Ceballos,1.3,1990-91,21,PHO,63,0,0,1.3,104,109,0.6,0.7,.085,0.3,-2.5,-2.1,0.0,17.8,12.1,10.4,11.2,7.7,1.4,0.4,12.3,31.3,F,cebalce01
16,Steve Henson,1.2,1990-91,22,MIL,68,0,0,1.2,109,110,0.7,0.6,.085,-1.5,-0.1,-1.6,0.1,11.5,2.4,6.5,4.4,26.2,2.3,0.0,17.2,15.6,G,hensost01
17,Jud Buechler,1.2,1990-91,22,NJN,74,10,0,1.2,105,109,0.4,0.8,.065,-2.3,0.2,-2.1,0.0,10.0,7.2,10.2,8.6,8.2,1.9,1.0,9.3,13.1,F-G,buechju01
18,Bimbo Coles,1.1,1990-91,22,MIA,82,9,0,1.1,98,109,-0.1,1.2,.038,-2.7,0.3,-2.3,-0.1,10.4,4.5,8.1,6.3,24.1,2.3,0.5,18.4,16.0,G,colesbi01
19,Elden Campbell,1.1,1990-91,22,LAL,52,0,0,1.1,108,101,0.4,0.7,.135,-3.0,1.6,-1.4,0.1,14.5,12.8,16.4,14.7,3.8,1.5,5.9,10.0,18.4,C,campbel01
20,Danny Ferry,1.0,1990-91,24,CLE,81,2,0,1.0,98,110,-0.4,1.3,.028,-2.9,-1.0,-4.0,-0.8,10.9,6.9,13.0,10.0,13.0,1.3,0.9,14.5,21.8,F,ferryda01
21,Scott Williams,0.9,1990-91,22,CHI,51,0,0,0.9,109,103,0.4,0.5,.129,-2.2,-0.5,-2.7,-0.1,14.7,14.9,19.3,17.1,6.2,1.8,2.4,16.5,17.7,F-C,willisc01
22,Kenny Williams,0.7,1990-91,21,IND,75,0,0,0.7,105,111,0.4,0.4,.068,-1.6,-0.9,-2.5,-0.1,13.9,12.6,15.8,14.3,8.5,1.0,3.5,16.9,19.3,F,willike03
23,Anthony Bonner,0.7,1990-91,22,SAC,34,6,0,0.7,97,107,-0.2,0.8,.044,-1.9,-0.2,-2.1,0.0,12.2,8.7,15.8,12.2,10.1,2.6,0.4,13.5,17.7,F,bonnean01
24,Steve Scheffler,0.6,1990-91,23,CHH,39,0,0,0.6,135,112,0.5,0.1,.132,-0.2,-0.9,-1.1,0.0,12.4,10.3,12.5,11.4,5.3,1.3,0.5,7.7,9.8,C-F,schefst01
25,Negele Knight,0.6,1990-91,23,PHO,64,6,0,0.6,99,110,0.0,0.6,.037,-0.9,-1.7,-2.7,-0.1,12.1,2.9,6.7,4.9,32.6,1.2,0.5,17.4,22.4,G,knighne01
26,Greg Foster,0.6,1990-91,22,WSB,54,3,0,0.6,98,107,-0.1,0.7,.046,-4.2,-0.3,-4.4,-0.4,10.9,9.3,17.9,13.6,8.8,1.0,2.1,15.9,19.5,F-C,fostegr01
27,Keith Askins,0.6,1990-91,23,MIA,39,1,0,0.6,106,104,0.2,0.4,.103,-1.1,1.0,-0.2,0.1,13.5,12.4,16.2,14.3,10.2,2.9,3.0,10.7,15.8,G-F,askinke01
28,Andy Toolson,0.6,1990-91,25,UTA,47,15,0,0.6,101,108,0.1,0.5,.057,-2.7,-0.1,-2.8,-0.1,8.4,8.6,8.2,8.4,9.3,1.5,0.3,14.8,15.3,G-F,toolsan01
29,Henry James,0.6,1990-91,25,CLE,37,4,0,0.6,101,110,0.2,0.4,.053,-0.1,-2.0,-2.1,0.0,14.7,6.0,12.1,9.1,10.6,1.5,0.6,11.5,27.9,F,jameshe01
30,Tony Smith,0.5,1990-91,22,LAL,64,1,0,0.5,96,106,-0.3,0.8,.037,-2.6,0.4,-2.2,0.0,10.9,4.2,7.5,5.9,27.6,2.1,1.0,22.0,19.7,G,smithto02
31,Anthony Cook,0.5,1990-91,23,DEN,58,25,0,0.5,100,113,0.0,0.5,.022,-2.8,-1.2,-3.9,-0.6,10.7,10.3,17.9,13.7,2.6,1.3,3.4,12.8,12.3,F-C,cookan01
32,Alaa Abdelnaby,0.5,1990-91,22,POR,43,0,0,0.5,99,103,0.0,0.5,.079,-3.4,-1.2,-4.6,-0.2,13.1,10.4,23.4,17.0,5.8,0.7,2.5,14.0,22.1,F-C,abdelal01
33,Kennard Winchester,0.5,1990-91,24,HOU,64,1,0,0.5,97,108,-0.1,0.6,.038,-3.5,-0.6,-4.1,-0.3,8.8,6.0,5.8,5.9,5.9,1.3,1.3,10.2,20.0,G-F,winchke01
34,Gerald Glass,0.5,1990-91,23,MIN,51,3,0,0.5,100,111,0.1,0.4,.036,-0.2,-1.4,-1.6,0.1,15.9,9.7,9.8,9.8,12.1,2.4,0.9,9.9,29.4,G-F,glassge01
35,Tony Massenburg,0.4,1990-91,23,SAS,35,0,0,0.4,104,100,0.1,0.3,.129,-2.5,-0.9,-3.4,-0.1,16.3,16.7,22.8,19.9,3.6,1.2,3.4,14.0,24.0,F,masseto01
36,Jim Grandholm,0.4,1990-91,30,DAL,26,0,0,0.4,112,108,0.3,0.2,.123,0.3,-1.1,-0.9,0.0,16.5,13.6,20.3,17.0,7.4,0.6,3.0,14.1,20.6,F-C,grandji01
37,Tate George,0.4,1990-91,22,NJN,56,11,0,0.4,99,111,0.0,0.4,.032,-2.7,-0.9,-3.6,-0.2,10.5,3.2,5.1,4.1,25.0,2.0,0.5,16.6,17.1,G,georgta01
38,Jerrod Mustaf,0.4,1990-91,21,NYK,62,5,0,0.4,94,108,-0.4,0.8,.022,-4.4,-0.6,-5.0,-0.6,8.3,7.3,16.1,11.8,6.2,0.9,1.0,18.6,17.3,F-C,mustaje01
39,Alan Ogg,0.3,1990-91,23,MIA,31,1,0,0.3,96,105,-0.1,0.3,.053,-6.5,1.2,-5.2,-0.2,7.4,6.3,14.8,10.5,1.0,1.1,6.3,11.9,10.5,C,oggal01
40,Richard Coffey,0.2,1990-91,25,MIN,52,1,0,0.2,104,113,0.1,0.1,.037,-3.9,-3.1,-7.0,-0.4,7.9,14.3,14.4,14.3,1.3,1.0,0.8,5.6,12.1,F,cofferi01
41,A.J. English,0.2,1990-91,23,WSB,70,12,0,0.2,97,113,-0.5,0.7,.008,-2.1,-1.9,-3.9,-0.7,10.6,5.0,6.2,5.6,18.0,0.9,0.6,15.1,21.8,G,engliaj01
42,Dwayne Schintzius,0.2,1990-91,22,SAS,42,7,0,0.2,89,101,-0.5,0.8,.027,-5.6,0.6,-5.0,-0.3,10.1,8.2,24.5,16.8,6.2,0.2,4.4,16.5,21.6,C,schindw01
43,Matt Bullard,0.2,1990-91,23,HOU,18,0,0,0.2,109,104,0.1,0.1,.147,-1.4,-0.6,-2.0,0.0,17.2,10.2,13.4,11.8,5.0,2.3,0.0,7.2,27.1,F,bullama01
44,Brian Oliver,0.2,1990-91,22,PHI,73,4,0,0.2,94,110,-0.5,0.6,.010,-4.0,-0.5,-4.4,-0.5,9.9,2.6,8.5,5.6,16.2,2.1,0.3,14.2,19.3,G,olivebr01
45,Lance Blanks,0.1,1990-91,24,DET,38,0,0,0.1,92,105,-0.2,0.3,.027,-5.5,1.4,-4.1,-0.1,7.5,2.1,8.6,5.3,17.7,2.2,0.6,21.1,17.5,G,blankla01
46,Dave Jamerson,0.1,1990-91,23,HOU,37,0,0,0.1,95,106,-0.1,0.2,.026,-2.7,-1.0,-3.6,-0.1,12.2,4.8,11.0,7.9,20.8,1.4,0.3,13.8,29.5,G-F,jamerda01
47,Dan O'Sullivan,0.1,1990-91,22,UTA,21,0,0,0.1,101,107,0.0,0.1,.062,-6.1,-0.5,-6.5,-0.1,6.0,7.4,15.6,11.8,6.4,0.6,0.7,16.1,12.9,C,osullda01
48,Howard Wright,0.1,1990-91,23,ATLDALORL,15,0,0,0.1,93,107,-0.1,0.2,.023,-4.9,-0.6,-5.5,-0.1,8.7,7.8,22.6,15.0,2.5,1.2,1.8,16.0,17.1,F,wrighho02
49,Dan Godfread,0.1,1990-91,23,MIN,10,0,0,0.1,107,102,0.0,0.0,.142,-2.8,3.6,0.8,0.0,20.3,0.0,12.4,5.8,0.0,2.6,12.7,0.0,29.6,C,godfrda01
50,Jayson Williams,0.1,1990-91,22,PHI,52,1,0,0.1,93,110,-0.4,0.4,.006,-5.8,-1.9,-7.7,-0.7,8.0,9.3,15.2,12.3,4.7,0.9,0.7,17.7,19.4,F-C,willija01
51,Ian Lockhart,0.0,1990-91,23,PHO,1,0,0,0.0,231,115,0.0,0.0,1.084,31.5,8.4,39.9,0.0,76.3,0.0,0.0,0.0,0.0,0.0,0.0,0.0,38.3,F,lockhia01
52,Cedric Ball,0.0,1990-91,22,LAC,7,0,0,0.0,96,104,0.0,0.0,.054,-5.4,-1.4,-6.8,0.0,10.8,20.4,25.3,22.8,0.0,0.0,4.6,18.4,17.0,F,ballce01
53,Chris Munk,0.0,1990-91,23,UTA,11,0,0,0.0,91,96,0.0,0.1,.048,-3.8,0.9,-2.9,0.0,14.5,21.7,34.3,28.4,4.9,1.7,4.3,28.9,26.4,F,munkch01
54,Tony Dawson,0.0,1990-91,23,SAC,4,0,0,0.0,112,118,0.0,0.0,.060,4.5,-2.8,1.7,0.0,16.0,13.0,0.0,6.7,0.0,0.0,0.0,12.5,20.6,F,dawsoto01
55,Les Jepsen,0.0,1990-91,23,GSW,21,0,0,0.0,94,110,-0.1,0.1,.010,-4.6,-4.5,-9.2,-0.2,7.7,17.8,21.0,19.4,1.2,0.4,1.7,7.0,16.3,C,jepsele01
56,Sean Higgins,0.0,1990-91,22,SAS,50,0,0,0.0,92,108,-0.5,0.5,.000,-4.4,-2.1,-6.5,-0.5,9.1,4.5,10.2,7.5,11.6,0.8,0.1,17.8,24.8,G-F,higgise01
57,Bo Kimble,0.0,1990-91,24,LAC,62,22,0,0.0,93,110,-0.8,0.8,.000,-4.9,-1.0,-5.9,-1.0,7.7,4.4,8.4,6.4,10.8,1.4,0.5,14.1,22.1,G,kimblbo01
58,A.J. Wynder,0.0,1990-91,26,BOS,6,0,0,0.0,87,112,-0.1,0.0,-.051,-2.6,-2.7,-5.3,0.0,7.6,3.1,5.2,4.2,24.0,1.3,0.0,20.5,21.1,G,wyndeaj01
59,Rumeal Robinson,-0.1,1990-91,24,ATL,47,16,0,-0.1,94,111,-0.5,0.5,-.004,-2.1,-0.9,-3.0,-0.2,11.7,3.1,8.5,5.8,28.5,2.3,0.7,21.5,21.6,G,robinru01
60,Walter Palmer,-0.1,1990-91,22,UTA,28,0,0,-0.1,84,102,-0.2,0.2,-.041,-7.7,-0.2,-7.8,-0.1,8.5,8.9,19.5,14.5,11.1,1.8,2.9,10.4,30.0,C-F,palmewa01
61,Kurk Lee,-0.1,1990-91,23,NJN,48,0,0,-0.1,87,109,-0.3,0.2,-.013,-6.4,0.1,-6.3,-0.3,5.6,2.7,9.5,5.9,16.8,2.0,0.4,19.4,15.7,G,leeku01
62,Stojko Vranković,-0.1,1990-91,27,BOS,31,0,0,-0.1,80,100,-0.4,0.3,-.026,-9.5,1.9,-7.6,-0.2,8.8,10.9,22.1,16.9,3.1,0.3,10.0,28.6,21.3,C,vrankst01
63,Miloš Babić,-0.1,1990-91,22,CLE,12,0,0,-0.1,84,112,-0.1,0.0,-.085,-6.7,-4.2,-11.0,-0.1,6.0,13.4,6.7,10.0,10.9,1.0,1.2,17.1,24.6,C-F,babicmi01
64,Marcus Liberty,-0.1,1990-91,22,DEN,76,18,0,-0.1,98,116,-0.1,0.1,-.004,-2.4,-2.1,-4.5,-0.7,10.4,8.6,9.3,8.9,6.8,1.7,0.9,11.4,18.8,F,liberma01
65,Irving Thomas,-0.1,1990-91,25,LAL,26,0,0,-0.1,84,104,-0.3,0.2,-.057,-8.7,-1.6,-10.3,-0.2,7.3,15.7,17.5,16.7,13.5,1.9,0.5,18.0,29.1,F,thomair01
66,Alec Kessler,-0.1,1990-91,24,MIA,78,18,0,-0.1,90,108,-1.4,1.2,-.005,-5.4,-2.0,-7.5,-1.7,8.4,10.0,20.0,14.9,3.7,0.7,1.3,17.0,20.5,F-C,kesslal01
67,Larry Robinson,-0.1,1990-91,23,GSWWSB,36,10,0,-0.1,91,112,-0.4,0.2,-.016,-3.8,-0.9,-4.8,-0.3,7.6,7.5,5.7,6.6,11.4,1.8,0.1,14.3,18.2,F-G,robinla01
68,Kevin Pritchard,-0.2,1990-91,23,GSW,62,1,0,-0.2,92,113,-0.5,0.4,-.012,-4.2,-0.8,-5.0,-0.6,6.9,2.3,7.0,4.6,13.3,1.8,0.6,18.3,16.6,G,pritcke01
69,Tony Harris,-0.2,1990-91,23,PHI,6,0,0,-0.2,53,114,-0.2,0.0,-.248,-12.1,-4.3,-16.4,-0.1,-5.0,0.0,2.7,1.4,0.0,1.2,0.0,14.5,22.1,G,harrito01
70,Rick Calloway,-0.3,1990-91,24,SAC,64,0,0,-0.3,88,111,-0.8,0.4,-.025,-5.7,-0.9,-6.6,-0.8,6.6,4.1,9.1,6.5,13.4,1.6,0.7,18.4,17.9,F,callori01
71,Gerald Paddio,-0.4,1990-91,25,CLE,70,22,0,-0.4,93,113,-0.9,0.5,-.018,-3.7,-2.7,-6.5,-1.3,9.3,3.7,7.8,5.8,11.9,0.9,0.3,11.5,22.8,F-G,paddige01
72,Trevor Wilson,-0.5,1990-91,22,ATL,25,0,0,-0.5,74,111,-0.6,0.1,-.144,-6.3,-3.0,-9.3,-0.3,4.9,10.5,16.7,13.5,9.5,1.5,0.4,17.3,25.1,F,wilsotr01
73,Mahmoud Abdul-Rauf,-1.0,1990-91,21,DEN,67,19,0,-1.0,96,118,-0.7,-0.3,-.031,-2.0,-3.0,-5.0,-1.1,12.2,1.9,6.0,3.8,19.2,1.5,0.1,9.5,27.2,G,abdulma02
1,David Robinson,17.0,1990-91,25,SAS,82,81,1,17.0,119,96,9.4,7.6,.264,5.2,3.3,8.5,8.2,27.4,12.6,24.7,19.0,10.9,2.0,6.2,13.7,26.6,C,robinda01
2,Tim Hardaway,9.9,1990-91,24,GSW,82,82,1,9.9,114,110,7.4,2.5,.148,4.5,-0.1,4.4,5.2,20.9,3.0,8.4,5.7,36.8,3.1,0.2,13.6,24.7,G,hardati01
3,Sean Elliott,8.8,1990-91,22,SAS,82,82,0,8.8,115,107,5.1,3.7,.138,0.7,0.1,0.8,2.1,14.2,5.4,10.8,8.3,11.1,1.1,0.7,11.3,17.8,F,elliose01
4,Vlade Divac,8.3,1990-91,22,LAL,82,81,0,8.3,114,99,3.6,4.8,.173,0.2,2.1,2.3,2.5,17.7,10.8,22.2,16.7,5.8,2.3,3.3,16.1,17.1,C,divacvl01
5,Shawn Kemp,6.1,1990-91,21,SEA,81,66,0,6.1,109,106,3.1,3.0,.121,0.1,-0.2,0.0,1.2,17.6,12.9,20.5,16.6,8.5,1.6,3.3,15.5,22.4,F-C,kempsh01
6,Brian Shaw,5.9,1990-91,24,BOS,79,79,0,5.9,109,108,3.2,2.7,.102,1.0,0.1,1.1,2.2,15.5,4.5,9.8,7.4,28.1,1.8,0.7,17.5,19.3,G,shawbr01
7,Pooh Richardson,5.9,1990-91,24,MIN,82,82,0,5.9,110,113,4.5,1.3,.089,3.1,-1.1,2.0,3.2,18.1,2.8,8.0,5.3,37.6,2.2,0.3,10.9,21.8,G,richapo01
8,Sherman Douglas,5.4,1990-91,24,MIA,73,73,0,5.4,108,110,3.5,1.9,.100,2.4,-0.6,1.8,2.5,18.0,3.3,5.8,4.6,39.2,2.3,0.1,17.9,24.0,G,douglsh01
9,Sam Mitchell,5.1,1990-91,27,MIN,82,60,0,5.1,111,113,3.7,1.4,.078,-1.8,-1.3,-3.2,-0.9,12.3,6.6,13.2,9.7,6.3,1.1,1.2,8.1,17.8,F,mitchsa01
10,Glen Rice,4.4,1990-91,23,MIA,77,77,0,4.4,105,109,1.9,2.5,.080,-0.1,-0.4,-0.5,1.0,14.1,3.5,12.7,8.1,11.5,1.8,0.6,11.4,22.4,F,ricegl01
11,Clifford Robinson,4.2,1990-91,24,POR,82,11,0,4.2,104,104,1.2,3.0,.104,-1.3,0.9,-0.4,0.8,14.1,7.1,12.7,10.0,11.0,1.9,2.4,12.3,22.6,F-C,robincl02
12,B.J. Armstrong,4.1,1990-91,23,CHI,82,0,0,4.1,111,108,2.3,1.8,.114,-0.2,-0.3,-0.5,0.7,14.8,1.7,8.3,5.1,23.4,2.0,0.1,13.6,19.5,G,armstbj01
13,Pervis Ellison,4.0,1990-91,23,WSB,76,30,0,4.0,104,104,1.1,2.9,.100,-1.5,0.9,-0.6,0.7,15.9,12.6,20.4,16.5,7.7,1.2,4.8,16.7,18.8,F-C,ellispe01
14,Nick Anderson,3.1,1990-91,23,ORL,70,42,0,3.1,104,108,1.2,1.9,.075,0.0,0.3,0.3,1.1,15.1,4.9,16.7,10.7,8.5,1.8,1.3,10.4,22.4,F-G,anderni01
15,Michael Ansley,3.1,1990-91,23,ORL,67,1,0,3.1,126,109,2.3,0.7,.168,0.6,-0.8,-0.2,0.4,16.9,14.7,16.8,15.7,4.3,1.5,0.5,9.1,16.3,F,anslemi01
16,David Wood,2.8,1990-91,26,HOU,82,13,0,2.8,107,105,0.9,1.9,.096,-2.9,1.3,-1.6,0.1,9.6,8.1,10.4,9.2,8.8,2.0,0.7,17.9,14.4,F,woodda01
17,Dražen Petrović,2.5,1990-91,26,NJNPOR,61,0,0,2.5,111,110,1.7,0.8,.119,0.2,-0.9,-0.7,0.3,16.6,5.2,6.3,5.7,13.9,2.0,0.1,12.8,25.2,G,petrodr01
18,Šarūnas Marčiulionis,2.5,1990-91,26,GSW,50,10,0,2.5,113,110,1.8,0.7,.121,0.0,0.1,0.1,0.5,16.3,5.7,7.5,6.6,12.0,2.9,0.2,13.7,22.2,G,marcisa01
19,Dana Barros,2.5,1990-91,23,SEA,66,0,0,2.5,120,112,2.1,0.4,.158,3.7,-1.3,2.4,0.8,18.8,2.7,8.7,5.7,21.9,1.5,0.1,13.4,22.5,G,barroda01
20,Haywoode Workman,2.5,1990-91,25,WSB,73,56,0,2.5,102,109,0.6,1.9,.058,-2.3,0.7,-1.6,0.2,11.5,2.7,10.3,6.5,23.5,2.1,0.2,19.1,14.5,G,workmha01
21,John Starks,2.4,1990-91,25,NYK,61,10,0,2.4,106,107,1.0,1.3,.097,-0.4,1.3,0.9,0.9,14.3,3.0,9.7,6.4,25.7,2.5,0.9,14.0,19.7,G,starkjo01
22,Blue Edwards,2.2,1990-91,25,UTA,62,56,0,2.2,101,106,0.2,2.0,.065,-2.8,0.7,-2.2,-0.1,10.4,4.0,10.3,7.3,10.1,1.8,1.1,16.9,17.1,G-F,edwarbl01
23,Mookie Blaylock,2.1,1990-91,23,NJN,72,70,0,2.1,97,107,-0.7,2.9,.040,-1.7,1.0,-0.7,0.9,13.1,2.6,7.7,5.1,25.5,3.2,0.9,15.6,20.6,G,blaylmo01
24,Terry Davis,2.0,1990-91,23,MIA,55,17,0,2.0,111,108,1.0,1.0,.095,-1.6,-0.5,-2.1,0.0,11.7,11.8,18.2,14.9,5.5,0.9,1.7,11.0,13.4,F-C,daviste01
25,J.R. Reid,1.8,1990-91,22,CHH,80,80,0,1.8,98,109,-0.3,2.1,.034,-3.1,-0.6,-3.7,-1.1,10.8,7.0,16.7,11.7,5.3,1.7,1.2,14.7,18.0,F,reidjr01
26,Chucky Brown,1.6,1990-91,22,CLE,74,51,0,1.6,104,112,0.7,0.9,.052,-1.8,-1.5,-3.4,-0.5,12.0,6.1,10.5,8.3,8.4,0.9,1.0,14.3,19.4,F,brownch01
27,Stacey King,1.5,1990-91,24,CHI,76,6,0,1.5,100,107,0.1,1.4,.059,-3.1,-0.5,-3.6,-0.5,10.2,7.2,13.2,10.2,6.9,1.0,2.2,18.5,17.6,F-C,kingst01
28,John Morton,1.5,1990-91,23,CLE,66,2,0,1.5,103,110,0.5,1.0,.058,-1.4,0.2,-1.2,0.2,12.2,4.0,5.9,5.0,27.9,2.5,0.9,24.2,16.0,G,mortojo01
29,Kenny Battle,1.3,1990-91,26,DENPHO,56,8,0,1.3,108,112,0.7,0.6,.068,-1.3,0.5,-0.8,0.3,12.4,8.2,10.3,9.2,7.9,2.8,1.0,14.1,14.7,F,battlke01
30,Jeff Martin,1.3,1990-91,24,LAC,74,26,0,1.3,101,110,0.2,1.1,.046,-1.9,-0.5,-2.4,-0.1,10.0,4.2,6.4,5.3,7.0,1.3,1.4,8.2,18.3,G,martije01
31,Doug West,1.2,1990-91,23,MIN,75,1,0,1.2,107,110,0.6,0.6,.073,-2.1,0.2,-1.9,0.0,12.6,7.4,12.1,9.6,8.6,2.2,1.8,12.7,16.9,G-F,westdo01
32,Todd Lichti,1.0,1990-91,24,DEN,29,25,0,1.0,109,116,0.9,0.1,.055,-1.0,-1.2,-2.2,-0.1,13.6,4.9,7.7,6.1,10.5,2.3,0.5,7.5,18.1,G-F,lichtto01
33,Byron Irvin,0.9,1990-91,24,WSB,33,4,0,0.9,115,109,0.7,0.3,.143,0.8,0.1,0.8,0.2,17.5,8.3,7.3,7.8,11.4,2.3,0.4,9.3,22.7,G,irvinby01
34,Derrick Gervin,0.8,1990-91,27,NJN,56,4,0,0.8,101,110,0.2,0.6,.054,-1.5,-1.1,-2.6,-0.1,13.3,5.4,10.3,7.8,6.6,1.2,1.5,9.2,26.5,F,gervide01
35,Brian Quinnett,0.8,1990-91,24,NYK,68,5,0,0.8,100,110,0.1,0.8,.039,-2.2,-1.2,-3.4,-0.3,9.0,7.6,8.9,8.2,7.6,1.1,0.8,14.0,16.0,F,quinnbr01
36,Tom Hammonds,0.8,1990-91,23,WSB,70,7,0,0.8,99,110,0.0,0.8,.038,-3.4,-1.2,-4.7,-0.7,9.6,6.2,15.9,11.0,6.0,0.7,0.4,12.7,17.3,F,hammoto01
37,Randy White,0.7,1990-91,23,DAL,79,29,0,0.7,93,107,-1.6,2.3,.018,-4.6,-0.6,-5.2,-1.5,10.8,10.4,19.8,15.1,4.9,2.2,1.4,14.6,20.8,F,whitera01
38,Delaney Rudd,0.6,1990-91,28,UTA,82,0,0,0.6,97,108,-0.3,0.9,.033,-1.4,-1.0,-2.4,-0.1,11.8,2.0,6.6,4.4,36.9,2.1,0.1,24.4,21.2,G,ruddde01
39,Michael Smith,0.3,1990-91,25,BOS,47,3,0,0.3,101,111,0.1,0.2,.042,-0.7,-3.0,-3.7,-0.2,14.3,6.5,9.2,7.9,16.1,0.8,0.3,14.9,26.9,F,smithmi01
40,Winston Bennett,0.2,1990-91,25,CLE,27,13,0,0.2,98,111,0.0,0.2,.026,-4.2,-1.4,-5.5,-0.3,9.2,10.4,11.8,11.1,11.9,1.2,0.4,13.5,19.3,F,bennewi01
41,Vincent Askew,0.2,1990-91,24,GSW,7,0,0,0.2,115,115,0.1,0.0,.093,-2.2,-1.9,-4.1,0.0,10.9,9.1,5.2,7.1,20.1,1.1,0.0,16.7,16.8,G-F,askewvi01
42,Adrian Caldwell,0.1,1990-91,24,HOU,42,0,0,0.1,83,101,-0.5,0.7,.021,-4.4,1.2,-3.1,-0.1,8.6,13.4,17.6,15.5,3.1,2.7,1.7,24.9,14.4,F-C,caldwad01
43,Anthony Mason,0.1,1990-91,24,DEN,3,0,0,0.1,156,116,0.1,0.0,.220,-0.7,-1.7,-2.4,0.0,15.7,12.3,10.0,11.2,0.0,2.0,0.0,0.0,12.6,F,masonan01
44,Everette Stephens,0.1,1990-91,24,MIL,3,0,0,0.1,174,117,0.1,0.0,.618,21.6,3.0,24.6,0.0,44.3,0.0,0.0,0.0,65.7,0.0,0.0,0.0,27.7,G,stephev01
45,Clinton Smith,0.1,1990-91,27,WSB,5,0,0,0.1,116,113,0.0,0.0,.061,-3.0,-1.1,-4.1,0.0,7.2,4.8,4.9,4.9,11.0,1.1,0.0,13.1,7.1,F,smithcl01
46,Dave Popson,0.0,1990-91,26,BOS,19,0,0,0.0,98,109,0.0,0.1,.035,-5.6,-3.3,-8.8,-0.1,11.6,13.2,11.1,12.1,4.3,0.8,1.8,14.2,27.9,F-C,popsoda01
47,Milt Wagner,0.0,1990-91,27,MIA,13,1,0,0.0,98,112,0.0,0.1,.016,-1.3,-0.9,-2.2,0.0,11.2,0.0,6.9,3.4,20.8,0.8,1.6,16.3,25.9,G,wagnemi01
48,Clifford Lett,0.0,1990-91,25,SAS,7,0,0,0.0,92,108,-0.1,0.1,.014,-5.1,-0.1,-5.2,-0.1,6.9,1.2,6.4,3.9,9.8,1.0,0.6,19.5,17.2,G,lettcl01
49,Greg Grant,0.0,1990-91,24,NYK,22,0,0,0.0,88,104,-0.1,0.2,.012,-5.1,1.8,-3.3,0.0,9.2,1.1,9.4,5.4,25.4,4.3,0.0,25.2,16.2,G,grantgr01
50,Mike Higgins,0.0,1990-91,23,SAC,7,0,0,0.0,102,115,0.0,0.0,.017,-6.3,-1.7,-8.0,-0.1,4.1,7.2,1.9,4.6,4.8,0.0,2.1,23.4,12.2,F,higgimi01
51,Gary Leonard,0.0,1990-91,23,ATL,4,0,0,0.0,122,106,0.0,0.0,.114,-6.3,1.1,-5.2,0.0,8.7,0.0,25.1,12.1,0.0,0.0,6.7,0.0,8.1,C,leonaga01
52,Jeff Sanders,0.0,1990-91,25,CHH,3,0,0,0.0,96,111,0.0,0.0,.022,-4.7,-2.2,-6.8,-0.1,8.6,7.8,16.5,12.0,3.4,1.1,1.4,6.3,15.7,F,sandeje01
53,Charles Smith,0.0,1990-91,23,BOS,5,0,0,0.0,94,110,0.0,0.0,.009,-7.3,-1.5,-8.8,-0.1,6.3,0.0,6.8,3.7,24.0,1.6,0.0,24.6,17.1,G,smithch02
54,Anthony Frederick,0.0,1990-91,26,SAC,35,3,0,0.0,91,108,-0.5,0.5,-.001,-2.8,0.2,-2.6,-0.1,11.2,8.4,11.8,10.0,14.4,2.3,1.7,17.1,21.6,F,fredean01
55,Byron Dinkins,0.0,1990-91,23,INDSAS,12,0,0,0.0,86,109,-0.2,0.1,-.010,-5.1,-1.7,-6.7,-0.2,4.6,0.0,8.5,4.5,16.6,0.7,0.0,25.5,14.3,G,dinkiby01
56,Scott Haffner,-0.1,1990-91,24,CHH,7,0,0,-0.1,85,111,-0.1,0.0,-.058,-3.7,-0.5,-4.1,0.0,9.9,4.5,4.7,4.6,26.9,3.0,1.2,15.5,22.1,G,haffnsc01
57,Frank Kornet,-0.1,1990-91,24,MIL,32,0,0,-0.1,89,110,-0.2,0.1,-.023,-5.8,-2.4,-8.2,-0.2,6.2,7.5,10.8,9.1,8.3,1.6,0.4,14.0,21.5,F,kornefr01
58,Craig Neal,-0.1,1990-91,26,DEN,10,0,0,-0.1,92,117,-0.1,0.0,-.047,-5.0,-3.1,-8.2,-0.2,8.2,1.4,11.7,6.0,33.8,1.4,0.0,29.8,18.0,G,nealcr01
59,Scott Meents,-0.1,1990-91,27,SEA,13,0,0,-0.1,70,96,-0.3,0.1,-.117,-5.0,3.6,-1.4,0.0,9.4,6.7,16.0,11.3,20.2,6.6,4.9,16.8,28.3,F,meentsc01
60,Tim Legler,-0.1,1990-91,24,DEN,10,0,0,-0.1,94,120,-0.1,-0.1,-.046,-4.7,-3.8,-8.5,-0.2,6.4,4.7,7.1,5.7,9.9,0.6,0.0,5.1,18.7,G,legleti01
61,Kenny Payne,-0.3,1990-91,24,PHI,47,6,0,-0.3,87,110,-0.7,0.3,-.037,-5.2,-2.1,-7.2,-0.6,7.5,4.4,12.1,8.3,5.4,1.1,0.8,9.4,21.9,F-G,payneke01
62,George McCloud,-0.4,1990-91,23,IND,74,0,0,-0.4,92,113,-0.8,0.4,-.018,-2.9,-1.4,-4.3,-0.6,7.9,3.9,8.6,6.3,18.7,1.8,0.6,19.6,18.2,G-F,mccloge01
1,Hersey Hawkins,9.8,1990-91,24,PHI,80,80,1,9.8,114,108,6.5,3.3,.151,2.4,0.9,3.3,4.1,19.4,1.8,9.3,5.6,15.3,2.9,0.7,12.5,24.0,G,hawkihe01
2,Charles Smith,7.4,1990-91,25,LAC,74,74,0,7.4,110,105,3.8,3.6,.131,0.5,0.6,1.1,2.1,17.6,8.5,15.9,12.1,7.6,1.4,3.2,10.7,23.2,F-C,smithch01
3,Dan Majerle,7.2,1990-91,25,PHO,77,7,0,7.2,116,106,4.4,2.8,.152,2.0,0.7,2.7,2.7,16.9,8.5,11.4,10.0,12.9,2.2,1.0,10.7,19.1,G-F,majerda01
4,Mitch Richmond,7.1,1990-91,25,GSW,77,77,0,7.1,111,111,5.2,1.9,.113,2.1,-1.1,1.0,2.3,17.8,5.4,11.1,8.2,11.8,1.9,0.7,12.4,24.5,G,richmmi01
5,Harvey Grant,6.7,1990-91,25,WSB,77,76,0,6.7,110,108,3.7,3.0,.112,0.7,-0.1,0.7,1.9,16.5,6.9,14.6,10.7,11.2,1.6,1.3,8.6,21.4,F,grantha01
6,Vernon Maxwell,5.9,1990-91,25,HOU,82,79,0,5.9,106,106,2.5,3.5,.099,0.1,0.5,0.6,1.9,13.5,1.5,7.3,4.4,15.5,2.2,0.3,11.0,22.2,G,maxweve01
7,Micheal Williams,5.7,1990-91,24,IND,73,37,0,5.7,118,109,4.1,1.6,.161,1.7,1.5,3.2,2.3,19.5,3.4,8.2,5.9,28.4,4.2,0.6,18.3,20.1,G,willimi02
8,Rod Strickland,5.7,1990-91,24,SAS,58,56,0,5.7,110,104,2.7,3.1,.132,1.1,1.3,2.4,2.3,16.2,3.2,8.2,5.8,31.5,2.7,0.3,17.3,18.1,G,stricro02
9,Danny Manning,5.2,1990-91,24,LAC,73,47,0,5.2,107,105,2.2,3.0,.113,0.7,1.4,2.0,2.2,16.9,8.1,12.8,10.4,13.9,2.6,1.7,15.3,22.7,F-C,mannida01
10,Grant Long,5.0,1990-91,24,MIA,80,66,0,5.0,108,107,2.0,3.0,.095,-1.4,1.1,-0.3,1.1,12.2,9.8,15.5,12.6,9.7,2.3,1.0,19.1,13.3,F,longgr01
11,Willie Anderson,4.8,1990-91,24,SAS,75,75,0,4.8,103,105,1.3,3.5,.089,-0.9,1.0,0.1,1.4,13.0,3.1,11.5,7.5,20.2,1.5,1.1,13.3,20.1,G-F,anderwi01
12,Chris Morris,4.5,1990-91,25,NJN,79,68,0,4.5,103,105,1.2,3.4,.085,-0.1,1.1,1.0,1.9,14.7,8.3,13.3,10.7,12.8,2.6,2.2,13.5,19.5,F,morrich01
13,Andrew Lang,3.7,1990-91,24,PHO,63,18,0,3.7,124,103,1.9,1.8,.155,-1.0,2.2,1.2,0.9,13.6,11.3,17.2,14.4,2.9,0.7,6.3,15.5,10.3,C,langan01
14,Jim Les,3.6,1990-91,27,SAC,55,8,0,3.6,123,111,2.7,0.9,.125,0.1,-0.2,-0.1,0.7,13.7,1.4,7.7,4.5,30.6,2.1,0.2,19.3,12.1,G,lesji01
15,Rony Seikaly,3.0,1990-91,25,MIA,64,59,0,3.0,99,105,0.0,3.1,.067,-1.4,-0.3,-1.7,0.1,15.2,10.5,26.3,18.3,6.8,1.1,2.4,16.9,22.7,C,seikaro01
16,Rex Chapman,3.0,1990-91,23,CHH,70,68,0,3.0,106,113,2.0,1.0,.069,0.4,-0.9,-0.5,0.8,15.1,2.4,8.2,5.2,18.8,1.7,0.5,11.1,23.9,G,chapmre01
17,Rik Smits,2.9,1990-91,24,IND,76,38,0,2.9,108,111,1.8,1.1,.081,-1.2,-0.9,-2.1,-0.1,14.9,8.2,15.8,12.1,7.4,0.7,3.9,9.8,21.7,C,smitsri01
18,Scott Brooks,2.6,1990-91,25,MIN,80,0,0,2.6,116,112,2.1,0.5,.127,2.2,0.1,2.2,1.0,16.9,3.1,5.6,4.3,31.6,2.8,0.3,11.3,19.9,G,brooksc01
19,Will Perdue,2.3,1990-91,25,CHI,74,3,0,2.3,105,102,0.6,1.7,.115,-2.5,0.2,-2.2,-0.1,13.7,15.0,25.6,20.3,6.0,1.2,3.7,20.9,15.8,C,perduwi01
20,Jack Haley,2.2,1990-91,27,NJN,78,18,0,2.2,107,107,0.9,1.3,.090,-3.1,-1.5,-4.6,-0.8,11.8,12.0,20.0,15.8,3.8,0.8,1.0,13.0,16.6,C-F,haleyja01
21,Mark Bryant,2.1,1990-91,25,POR,53,0,0,2.1,115,105,1.0,1.1,.129,-2.2,-0.2,-2.4,-0.1,11.2,9.3,17.5,13.5,4.5,0.9,0.9,11.8,14.6,F-C,bryanma01
22,Duane Ferrell,1.9,1990-91,25,ATL,78,2,0,1.9,110,112,1.3,0.6,.079,-1.3,-1.1,-2.4,-0.1,12.4,8.8,7.9,8.4,6.8,1.4,1.4,15.5,17.8,F-G,ferredu01
23,Tom Garrick,1.8,1990-91,24,LAC,67,0,0,1.8,105,106,0.6,1.2,.089,-1.8,1.8,0.0,0.5,13.3,4.5,10.0,7.2,31.3,3.1,0.1,19.6,14.4,G,garrito01
24,Gary Grant,1.7,1990-91,25,LAC,68,65,0,1.7,98,108,-0.4,2.1,.038,-1.3,-0.2,-1.5,0.2,12.1,3.5,7.3,5.3,38.2,2.4,0.3,25.3,16.0,G,grantga01
25,Avery Johnson,1.6,1990-91,25,DENSAS,68,14,0,1.6,106,109,0.7,0.9,.082,-0.3,0.1,-0.2,0.4,13.4,2.4,6.0,4.3,31.4,2.3,0.2,19.0,16.2,G,johnsav01
26,Kevin Edwards,1.6,1990-91,25,MIA,79,16,0,1.6,97,107,-0.6,2.2,.039,-0.9,0.7,-0.2,0.9,13.7,4.4,7.1,5.7,18.8,3.1,1.4,13.8,24.1,G,edwarke01
27,Jeff Grayer,1.5,1990-91,25,MIL,82,7,0,1.5,101,109,0.3,1.2,.049,-1.0,-1.2,-2.2,-0.1,11.8,9.1,11.5,10.3,12.5,1.7,0.4,13.5,19.2,F-G,grayeje01
28,Tim Perry,1.4,1990-91,25,PHO,46,2,0,1.4,110,104,0.5,0.9,.116,-0.6,1.3,0.7,0.4,13.8,10.4,12.9,11.7,5.9,1.9,4.2,15.5,14.4,F-C,perryti01
29,Tod Murphy,1.4,1990-91,27,MIN,52,19,0,1.4,107,111,0.6,0.7,.062,-2.0,-0.6,-2.7,-0.2,10.6,9.4,19.0,13.9,7.7,1.2,1.2,10.5,12.4,C-F,murphto01
30,Steve Kerr,1.3,1990-91,25,CLE,57,4,0,1.3,111,113,0.9,0.4,.071,-1.3,-0.5,-1.8,0.0,10.9,0.6,4.1,2.4,20.3,1.6,0.3,14.0,13.8,G,kerrst01
31,Tom Tolbert,1.3,1990-91,25,GSW,62,32,0,1.3,102,111,0.3,1.0,.045,-2.7,-0.9,-3.6,-0.5,10.1,7.0,15.1,11.0,7.2,1.2,1.6,13.6,17.1,F-C,tolbeto01
32,Ledell Eackles,1.2,1990-91,24,WSB,67,17,0,1.2,100,112,0.3,0.9,.035,-1.5,-1.9,-3.3,-0.6,12.9,3.2,5.5,4.3,13.1,1.4,0.4,11.8,25.2,G-F,eacklle01
33,Kelvin Upshaw,1.0,1990-91,28,DAL,48,1,0,1.0,107,110,0.6,0.4,.094,-0.1,0.1,-0.1,0.3,17.2,4.4,7.8,6.1,27.1,2.8,0.6,13.1,25.7,G,upshake01
34,John Shasky,0.7,1990-91,26,DAL,57,0,0,0.7,103,108,0.2,0.5,.063,-3.6,-0.9,-4.4,-0.3,11.1,13.0,17.0,15.0,3.0,1.4,2.4,15.2,15.4,C,shaskjo01
35,Jerome Lane,0.6,1990-91,24,DEN,62,25,0,0.6,100,113,0.1,0.5,.021,-1.6,-2.4,-4.0,-0.7,12.8,17.4,22.5,19.7,10.6,1.6,0.5,16.7,16.0,F,laneje01
36,Corey Gaines,0.3,1990-91,25,DEN,10,2,0,0.3,111,117,0.3,0.0,.061,0.9,-2.1,-1.2,0.0,15.2,1.5,4.6,2.9,46.6,1.9,0.5,22.0,16.3,G,gaineco01
37,Eric Leckner,0.2,1990-91,24,CHHSAC,72,2,0,0.2,92,109,-0.8,1.0,.007,-5.5,-1.2,-6.6,-1.3,7.5,8.1,22.4,15.1,5.0,0.6,1.2,16.8,15.8,C-F,leckner01
38,Morlon Wiley,0.1,1990-91,24,ORL,34,0,0,0.1,95,110,-0.2,0.3,.015,-2.4,0.3,-2.2,0.0,10.5,1.2,4.2,2.6,29.6,3.3,0.0,22.2,17.8,G,wileymo01
39,Bart Kofoed,-0.1,1990-91,26,GSW,5,0,0,-0.1,77,117,0.0,0.0,-.116,-6.1,-3.4,-9.4,0.0,0.7,10.5,5.2,7.9,21.2,0.0,0.0,26.2,14.5,G,kofoeba01
40,Greg Butler,-0.1,1990-91,24,LAC,9,0,0,-0.1,77,108,-0.1,0.0,-.131,-10.8,-6.7,-17.5,-0.1,3.2,22.9,23.7,23.3,3.7,0.0,0.0,15.6,28.1,C,butlegr01
41,Derrick Chievous,-0.1,1990-91,23,CLE,18,0,0,-0.1,87,112,-0.2,0.1,-.049,-6.0,-3.6,-9.6,-0.2,6.5,11.6,7.4,9.5,2.7,1.4,0.5,10.2,23.4,F,chievde01
42,Randolph Keys,-0.2,1990-91,24,CHH,44,0,0,-0.2,86,108,-0.6,0.5,-.018,-5.7,-0.1,-5.8,-0.5,7.3,9.5,15.0,12.2,5.4,2.3,2.0,18.0,17.5,F-G,keysra01
1,Kevin Johnson,12.7,1990-91,24,PHO,77,76,1,12.7,121,107,9.5,3.3,.220,5.5,1.1,6.6,6.0,23.7,2.2,8.1,5.3,40.7,2.8,0.2,16.0,24.8,G,johnske02
2,Reggie Miller,12.5,1990-91,25,IND,82,82,0,12.5,130,114,11.7,0.8,.202,5.3,-1.1,4.2,4.6,21.2,3.2,7.4,5.4,16.6,1.8,0.3,10.2,22.5,G-F,millere01
3,Scottie Pippen,11.2,1990-91,25,CHI,82,82,0,11.2,114,102,5.9,5.4,.179,3.2,2.5,5.8,5.9,20.6,6.5,16.6,11.6,23.5,3.2,1.9,15.1,21.8,F-G,pippesc01
4,Horace Grant,10.3,1990-91,25,CHI,78,76,0,10.3,126,105,6.6,3.8,.188,2.2,0.3,2.5,3.0,17.6,12.0,17.3,14.7,8.8,1.8,1.6,9.7,15.3,F-C,grantho01
5,Kenny Smith,9.0,1990-91,25,HOU,78,78,0,9.0,117,108,6.2,2.8,.161,2.8,0.1,2.9,3.3,18.3,1.4,5.0,3.2,30.9,1.9,0.2,17.1,21.2,G,smithke01
6,Kevin Gamble,8.3,1990-91,25,BOS,82,76,0,8.3,120,110,6.0,2.3,.147,0.9,0.3,1.2,2.2,16.3,3.8,6.9,5.4,13.0,1.8,0.7,12.5,18.4,F-G,gamblke01
7,Reggie Lewis,7.5,1990-91,25,BOS,79,79,0,7.5,112,108,4.5,3.0,.124,0.6,0.1,0.7,1.9,16.2,5.0,10.3,7.9,9.6,1.7,1.7,9.7,22.2,G-F,lewisre01
8,Derrick McKey,6.4,1990-91,24,SEA,73,55,0,6.4,115,109,4.3,2.1,.123,1.3,-0.2,1.1,1.9,15.7,8.1,12.2,10.1,9.6,1.8,1.5,14.0,18.9,F-C,mckeyde01
9,Olden Polynice,5.2,1990-91,26,LACSEA,79,30,0,5.2,116,108,3.1,2.0,.118,-0.2,-1.1,-1.3,0.4,14.0,11.8,18.3,15.0,2.8,1.0,1.0,11.5,15.1,C-F,polynol01
10,Ken Norman,4.8,1990-91,26,LAC,70,45,0,4.8,106,107,2.2,2.6,.100,0.8,-0.2,0.5,1.5,16.4,8.1,15.2,11.6,10.9,1.3,1.6,10.7,22.8,F,normake01
11,Muggsy Bogues,4.8,1990-91,26,CHH,81,46,0,4.8,114,110,3.1,1.7,.100,0.7,0.5,1.2,1.8,15.4,2.8,8.1,5.4,40.2,2.9,0.1,17.4,12.8,G,boguemu01
12,Armen Gilliam,4.6,1990-91,26,CHHPHI,75,75,0,4.6,106,109,2.3,2.3,.083,-0.3,-1.5,-1.8,0.1,15.5,9.4,16.2,12.8,6.2,1.3,1.2,13.2,21.6,F-C,gilliar01
13,Mark Jackson,4.2,1990-91,25,NYK,72,21,0,4.2,112,109,2.7,1.5,.126,3.1,-0.6,2.5,1.8,18.2,4.6,9.5,7.1,42.2,1.9,0.3,18.9,19.5,G,jacksma01
14,Reggie Williams,3.3,1990-91,26,DENSAS,73,46,0,3.3,109,112,2.2,1.0,.082,0.0,0.1,0.1,1.0,14.8,6.3,9.6,7.9,9.4,2.6,1.2,10.6,20.2,F-G,willire01
15,Kenny Gattison,3.0,1990-91,26,CHH,72,6,0,3.0,108,108,1.4,1.5,.092,-1.7,-0.4,-2.2,-0.1,14.4,9.8,18.5,14.0,4.2,1.5,2.7,15.3,18.3,F-C,gattike01
16,Mark Acres,2.5,1990-91,28,ORL,68,0,0,2.5,116,109,1.4,1.1,.090,-2.8,-0.2,-3.0,-0.3,9.2,11.3,18.7,14.9,2.5,0.9,1.1,14.0,9.3,F-C,acresma01
17,Winston Garland,2.4,1990-91,26,LAC,69,26,0,2.4,102,107,0.4,2.0,.069,-2.5,1.6,-0.9,0.5,12.1,2.9,9.8,6.3,25.6,2.7,0.4,16.5,16.8,G,garlawi01
18,Chris Dudley,2.2,1990-91,25,NJN,61,25,0,2.2,98,104,-0.2,2.4,.068,-3.1,0.7,-2.5,-0.2,12.6,14.8,19.7,17.2,3.3,1.2,5.8,13.9,14.8,C,dudlech02
19,Brad Lohaus,1.8,1990-91,26,MIL,81,3,0,1.8,100,105,0.1,1.7,.071,-2.0,1.2,-0.8,0.4,11.9,5.7,15.7,10.6,8.9,2.0,3.9,12.0,17.6,F-C,lohaubr01
20,William Bedford,1.3,1990-91,27,DET,60,4,0,1.3,106,104,0.5,0.8,.113,-1.1,0.4,-0.7,0.2,15.5,11.1,15.5,13.3,9.2,0.2,4.1,10.4,24.1,C,bedfowi01
21,Joe Wolf,0.7,1990-91,26,DEN,74,38,0,0.7,101,114,0.2,0.5,.021,-3.2,-0.9,-4.1,-0.9,10.1,7.3,17.3,11.9,8.0,1.6,1.0,14.6,14.4,F-C,wolfjo01
22,Steve Alford,0.6,1990-91,26,DAL,34,0,0,0.6,112,113,0.5,0.1,.121,3.5,-1.4,2.1,0.2,20.5,4.8,6.8,5.8,16.4,1.7,0.3,10.9,27.5,G,alforst01
23,Dennis Hopson,0.5,1990-91,25,CHI,61,0,0,0.5,96,107,-0.3,0.8,.035,-3.1,-0.9,-4.0,-0.4,10.0,8.0,9.6,8.8,11.5,1.7,1.2,17.4,19.9,G-F,hopsode01
24,Dave Hoppen,0.2,1990-91,26,CHHPHI,30,0,0,0.2,107,111,0.1,0.1,.073,-3.5,-2.8,-6.2,-0.2,11.7,13.1,15.7,14.4,2.9,1.0,0.4,19.5,18.5,C-F,hoppeda01
25,Dave Feitl,0.2,1990-91,28,HOU,52,2,0,0.2,90,104,-0.4,0.5,.022,-6.0,-1.0,-7.0,-0.5,8.2,8.4,20.2,14.3,3.0,0.4,1.9,13.6,20.4,C,feitlda01
26,Jim Farmer,0.1,1990-91,26,DENPHI,27,1,0,0.1,102,118,0.2,-0.1,.010,-1.4,-2.3,-3.7,-0.2,12.2,5.6,9.0,7.1,10.9,1.2,0.2,13.1,22.5,G,farmeji01
27,Jim Thomas,0.0,1990-91,30,MIN,3,0,0,0.0,54,113,-0.1,0.0,-.167,-6.5,-1.0,-7.4,0.0,0.7,0.0,0.0,0.0,9.5,3.7,0.0,20.0,15.4,G,thomaji01
28,Greg Anderson,-0.3,1990-91,26,DENMILNJN,68,2,0,-0.3,86,109,-1.2,0.9,-.017,-5.1,-1.0,-6.1,-1.0,9.1,10.0,25.9,17.3,2.1,1.7,2.7,20.8,16.3,F-C,andergr01
1,Jeff Hornacek,9.7,1990-91,27,PHO,80,77,0,9.7,122,108,6.9,2.8,.171,2.6,0.7,3.3,3.7,17.8,3.1,9.4,6.4,21.2,1.9,0.3,10.2,19.1,G,hornaje01
2,Brad Daugherty,9.0,1990-91,25,CLE,76,76,1,9.0,112,106,5.5,3.6,.147,2.2,0.0,2.2,3.1,19.9,7.0,25.7,16.3,13.9,1.3,0.9,13.0,24.0,C,daughbr01
3,Dennis Rodman,8.7,1990-91,29,DET,82,77,0,8.7,116,101,3.4,5.2,.151,-0.1,0.7,0.6,1.8,13.9,15.0,27.8,21.3,4.4,1.2,1.3,12.9,11.7,F,rodmade01
4,Scott Skiles,7.0,1990-91,26,ORL,79,66,0,7.0,114,112,5.5,1.5,.124,2.8,-0.9,1.9,2.7,17.8,2.2,8.8,5.4,36.7,1.6,0.1,17.3,21.8,G,skilesc01
5,John Salley,4.8,1990-91,26,DET,74,1,0,4.8,111,102,1.9,2.9,.139,-1.7,2.8,1.1,1.3,13.6,9.5,13.2,11.3,6.1,1.6,4.3,15.7,15.4,F-C,sallejo01
6,Buck Johnson,4.6,1990-91,27,HOU,73,70,0,4.6,106,106,1.6,3.0,.097,-1.5,0.7,-0.8,0.7,12.9,5.1,10.3,7.7,9.2,1.7,1.2,11.2,19.7,F,johnsbu01
7,Kevin Duckworth,4.3,1990-91,26,POR,81,81,1,4.3,103,107,1.3,3.0,.082,-1.9,-1.4,-3.3,-0.8,12.7,7.9,15.4,11.7,5.1,0.6,0.8,13.2,22.8,C,duckwke01
8,Johnny Newman,4.1,1990-91,27,CHH,81,81,0,4.1,107,112,2.8,1.3,.080,-0.2,-0.8,-1.0,0.7,15.1,4.2,7.6,5.9,11.9,2.0,0.4,13.4,24.3,F-G,newmajo01
9,Chuck Person,3.9,1990-91,26,IND,80,79,0,3.9,108,114,3.1,0.8,.073,1.7,-2.4,-0.7,0.8,16.1,5.6,12.8,9.3,14.7,1.1,0.4,12.1,24.8,F,persoch01
10,Otis Smith,3.5,1990-91,27,ORL,75,39,0,3.5,106,109,1.8,1.7,.090,1.4,0.0,1.3,1.6,17.2,9.9,12.7,11.2,14.5,2.2,1.1,11.9,25.3,G-F,smithot01
11,Nate McMillan,2.8,1990-91,26,SEA,78,0,0,2.8,105,105,0.8,2.0,.093,-0.2,2.6,2.4,1.6,13.9,5.8,15.2,10.5,32.8,3.6,0.9,26.1,13.7,G-F,mcmilna01
12,Dell Curry,2.7,1990-91,26,CHH,76,14,0,2.7,106,110,1.5,1.2,.086,1.4,0.4,1.9,1.5,17.0,3.5,11.9,7.5,18.0,2.4,1.0,9.5,23.8,G,curryde01
13,Hot Rod Williams,2.4,1990-91,28,CLE,43,14,0,2.4,106,107,1.0,1.4,.090,-0.7,0.5,-0.2,0.6,14.9,10.0,16.0,13.0,11.6,1.4,3.2,11.1,19.1,F-C,williho01
14,Mike Brown,2.4,1990-91,27,UTA,82,2,0,2.4,104,105,0.5,1.9,.083,-3.0,-0.2,-3.1,-0.4,9.6,9.9,18.1,14.3,4.9,1.1,1.1,18.5,14.2,C-F,brownmi01
15,Mark Price,2.0,1990-91,26,CLE,16,16,0,2.0,116,107,1.4,0.6,.167,4.3,1.2,5.6,1.1,21.7,1.6,7.5,4.6,44.6,3.7,0.2,20.1,21.3,G,pricema01
16,Andre Turner,1.9,1990-91,26,PHI,70,1,0,1.9,104,110,0.7,1.2,.064,-1.3,-0.4,-1.7,0.1,12.8,2.9,9.1,6.1,31.6,2.2,0.0,18.4,16.0,G,turnean01
17,Billy Thompson,1.7,1990-91,27,MIA,73,46,0,1.7,101,109,0.3,1.4,.054,-1.9,0.0,-1.9,0.0,11.3,8.9,14.7,11.8,10.9,1.0,2.0,20.1,16.0,F,thompbi01
18,Kenny Walker,1.3,1990-91,26,NYK,54,8,0,1.3,106,107,0.5,0.8,.082,-3.1,-0.3,-3.4,-0.3,10.3,9.6,13.7,11.7,2.3,1.2,2.3,11.7,14.6,F,walkeke01
19,Jeff Turner,1.2,1990-91,28,ORL,71,43,0,1.2,99,111,0.0,1.1,.034,-3.5,-0.7,-4.2,-0.9,9.7,6.8,17.0,11.8,8.5,0.8,0.4,17.8,17.1,F-C,turneje01
20,Greg Dreiling,1.1,1990-91,28,IND,73,42,0,1.1,103,110,0.3,0.8,.050,-3.2,-0.5,-3.7,-0.4,8.7,7.6,20.3,14.2,6.4,1.1,1.7,19.2,12.1,C,dreilgr01
21,John Williams,1.0,1990-91,24,WSB,33,11,0,1.0,99,107,-0.1,1.1,.051,-0.4,0.1,-0.4,0.4,14.1,4.9,15.7,10.3,20.8,2.0,0.4,13.5,22.3,F-C,willijo02
22,Ron Harper,0.9,1990-91,27,LAC,39,34,0,0.9,96,107,-0.8,1.6,.030,0.6,0.4,1.0,1.0,14.5,4.4,10.3,7.3,23.2,2.3,1.5,13.5,28.0,G-F,harpero01
23,Mark Alarie,0.6,1990-91,27,WSB,42,1,0,0.6,100,109,0.1,0.6,.050,-3.0,-0.9,-3.8,-0.3,11.3,7.6,14.2,10.9,11.2,1.3,0.8,14.0,20.3,F,alarima01
24,Roy Tarpley,0.6,1990-91,26,DAL,5,5,0,0.6,112,104,0.3,0.3,.165,2.3,1.4,3.6,0.2,23.6,10.7,26.0,18.3,12.4,1.8,3.3,13.0,25.9,C-F,tarplro01
25,Johnny Dawkins,0.6,1990-91,27,PHI,4,4,0,0.6,131,110,0.5,0.1,.218,4.6,0.0,4.6,0.2,22.8,0.0,14.2,7.2,37.1,1.2,0.0,14.9,19.0,G,dawkijo01
26,Eddie Lee Wilkins,0.3,1990-91,28,NYK,68,1,0,0.3,94,107,-0.5,0.8,.019,-4.4,-2.2,-6.6,-0.8,10.5,12.2,18.7,15.5,3.4,1.3,0.6,14.5,22.5,F-C,wilkied01
27,Ken Bannister,0.2,1990-91,30,LAC,47,3,0,0.2,93,107,-0.2,0.4,.028,-6.1,-0.8,-6.9,-0.4,7.8,10.6,20.0,15.3,3.6,0.7,1.2,18.6,16.1,F-C,bannike01
28,David Wingate,0.1,1990-91,27,SAS,25,0,0,0.1,87,106,-0.6,0.7,.007,-4.7,0.6,-4.1,-0.3,5.6,5.0,9.5,7.4,10.7,1.6,0.5,21.2,14.7,G-F,wingada01
29,Pete Myers,0.0,1990-91,27,SAS,8,1,0,0.0,84,103,-0.2,0.2,-.002,-5.7,1.2,-4.5,-0.1,7.1,2.3,16.3,9.7,17.8,1.4,1.8,33.5,16.9,G-F,myerspe01
1,Karl Malone,15.5,1990-91,27,UTA,82,82,1,15.5,117,102,9.9,5.6,.225,4.8,0.6,5.4,6.2,24.8,9.0,24.5,17.2,14.7,1.4,1.5,10.9,30.1,F,malonka01
2,Terry Porter,13.0,1990-91,27,POR,81,81,1,13.0,127,104,9.2,3.9,.235,5.6,1.8,7.4,6.2,21.7,2.2,9.4,5.9,34.0,2.8,0.3,14.7,19.6,G,portete01
3,Chris Mullin,12.2,1990-91,27,GSW,82,82,1,12.2,121,110,9.7,2.4,.176,4.5,0.1,4.7,5.6,21.4,4.7,10.0,7.4,14.9,2.4,1.1,12.6,23.5,F-G,mullich01
4,Patrick Ewing,10.0,1990-91,28,NYK,81,81,1,10.0,107,101,4.4,5.6,.155,2.5,1.7,4.2,4.9,23.7,7.4,25.7,16.8,14.1,1.3,5.0,13.2,31.1,C-F,ewingpa01
5,Joe Dumars,9.9,1990-91,27,DET,80,80,1,9.9,115,108,6.8,3.1,.155,2.6,0.1,2.7,3.6,18.0,2.3,4.7,3.5,24.2,1.5,0.1,11.4,24.0,G,dumarjo01
6,Detlef Schrempf,9.0,1990-91,28,IND,82,3,0,9.0,122,111,7.4,1.6,.165,2.8,-0.8,2.0,2.6,18.6,8.0,20.3,14.4,16.2,1.1,0.5,14.1,19.8,F-C,schrede01
7,Michael Adams,6.3,1990-91,28,DEN,66,66,0,6.3,113,115,5.8,0.4,.128,6.0,-0.7,5.3,4.3,22.3,2.1,8.8,5.2,39.4,2.6,0.1,12.7,28.5,G,adamsmi01
8,Charles Oakley,6.2,1990-91,27,NYK,76,74,0,6.2,109,105,2.6,3.6,.109,-0.8,-0.2,-1.0,0.7,13.6,13.1,25.2,19.3,10.4,1.1,0.4,22.8,15.0,F-C,oaklech01
9,A.C. Green,6.1,1990-91,27,LAL,82,21,0,6.1,115,105,3.2,2.9,.135,0.1,-0.2,0.0,1.1,13.8,11.3,16.2,13.8,4.5,1.4,0.6,12.8,15.6,F-C,greenac01
10,Tyrone Corbin,5.4,1990-91,28,MIN,82,82,0,5.4,105,109,2.6,2.9,.081,0.5,0.4,0.9,2.3,16.6,6.3,15.7,10.7,17.1,2.6,1.1,12.4,22.7,G-F,corbity01
11,Spud Webb,5.4,1990-91,27,ATL,75,64,0,5.4,114,111,4.0,1.4,.118,1.3,-0.2,1.1,1.7,16.6,2.0,6.8,4.3,27.7,2.6,0.2,13.7,20.0,G,webbsp01
12,Xavier McDaniel,5.1,1990-91,27,PHOSEA,81,79,0,5.1,105,107,2.2,3.0,.094,-0.1,-0.4,-0.5,1.0,15.2,7.6,15.5,11.7,10.5,1.4,1.0,12.4,23.2,F,mcdanxa01
13,Ed Pinckney,4.7,1990-91,27,BOS,70,16,0,4.7,131,104,2.9,1.8,.195,1.0,1.1,2.1,1.2,16.6,16.0,16.3,16.1,4.7,2.6,2.1,13.3,12.2,F,pincked01
14,Kevin Willis,4.4,1990-91,28,ATL,80,80,0,4.4,108,109,2.3,2.0,.089,-0.3,-1.5,-1.8,0.1,15.3,11.5,21.2,16.2,6.3,1.2,1.0,13.4,19.8,F-C,willike02
15,John Battle,4.0,1990-91,28,ATL,79,2,0,4.0,112,114,3.4,0.6,.102,0.7,-1.6,-0.9,0.5,16.4,1.9,7.6,4.7,18.4,1.2,0.2,10.1,24.7,G,battljo01
16,Jerry Reynolds,3.7,1990-91,28,ORL,80,9,0,3.7,106,108,1.7,1.9,.096,1.3,1.0,2.3,2.0,17.8,5.1,12.9,8.8,17.0,2.5,1.8,15.0,25.4,G-F,reynoje01
17,Benoit Benjamin,3.0,1990-91,26,LACSEA,70,65,0,3.0,97,103,-0.7,3.7,.064,-1.9,0.8,-1.1,0.5,15.1,7.8,28.7,18.1,7.7,1.2,4.0,20.6,21.0,C,benjabe01
18,Gerald Wilkins,3.0,1990-91,27,NYK,68,56,0,3.0,103,109,1.2,1.8,.066,-0.8,-0.2,-1.0,0.5,13.3,4.2,6.7,5.5,19.5,1.9,0.6,15.3,21.3,G-F,wilkige01
19,Sam Bowie,2.6,1990-91,29,NJN,62,51,0,2.6,101,107,0.4,2.2,.066,-1.0,0.1,-0.8,0.5,14.1,9.3,17.3,13.1,11.4,1.1,2.8,14.6,20.3,C-F,bowiesa01
20,Jon Koncak,2.5,1990-91,27,ATL,77,61,0,2.5,105,108,0.6,1.9,.062,-2.7,1.9,-0.7,0.6,8.4,5.5,16.0,10.6,8.3,1.9,2.4,12.7,8.4,C-F,koncajo01
21,Bill Wennington,2.1,1990-91,27,SAC,77,23,0,2.1,102,106,0.4,1.8,.070,-3.4,0.7,-2.8,-0.3,11.0,7.7,19.1,13.2,7.2,1.6,2.6,10.1,15.2,C,wennibi01
22,Wayman Tisdale,1.8,1990-91,26,SAC,33,31,0,1.8,104,109,0.8,1.1,.078,1.0,-1.0,0.0,0.6,17.6,7.4,18.6,12.9,10.8,1.0,1.6,11.7,27.4,F-C,tisdawa01
23,Blair Rasmussen,1.7,1990-91,28,DEN,70,69,0,1.7,102,113,0.6,1.1,.036,-3.0,-1.3,-4.3,-1.3,11.7,6.3,22.9,13.8,3.7,0.9,3.0,8.0,15.3,C,rasmubl01
24,Terry Catledge,1.6,1990-91,27,ORL,51,38,0,1.6,102,111,0.6,0.9,.051,-0.4,-2.0,-2.4,-0.2,14.5,12.2,14.4,13.3,6.3,1.1,0.4,12.6,23.8,F,catlete01
25,Manute Bol,1.3,1990-91,28,PHI,82,6,0,1.3,80,102,-1.3,2.6,.042,-4.7,3.7,-1.0,0.4,8.4,5.0,20.5,12.9,1.7,0.5,9.6,25.7,7.0,C,bolma01
26,Joe Kleine,1.2,1990-91,29,BOS,72,1,0,1.2,102,106,0.2,1.0,.069,-3.2,-1.1,-4.3,-0.5,9.9,10.1,20.7,15.8,3.0,0.9,0.9,17.6,14.9,C,kleinjo01
27,Sam Vincent,0.9,1990-91,27,ORL,49,17,0,0.9,102,112,0.3,0.6,.043,-1.0,-0.9,-1.8,0.0,13.1,1.8,10.4,6.0,29.8,1.5,0.3,18.3,20.7,G,vincesa01
28,Leon Wood,0.6,1990-91,28,SAC,12,0,0,0.6,119,113,0.5,0.1,.119,2.1,-1.5,0.6,0.1,15.4,2.5,7.3,4.9,32.9,1.1,0.0,14.2,16.6,G,woodle01
29,Tony Brown,0.2,1990-91,30,LALUTA,30,0,0,0.2,97,110,-0.1,0.2,.026,-4.6,-1.6,-6.3,-0.3,5.9,10.3,7.2,8.6,7.6,0.7,0.0,15.1,16.0,F-G,brownto01
30,Mike Smrek,0.0,1990-91,28,GSWLAC,15,0,0,0.0,88,105,-0.1,0.1,.018,-7.2,-0.4,-7.6,-0.1,5.4,7.9,21.9,14.8,5.5,1.5,1.9,8.5,15.0,C,smrekmi01
31,Bob Thornton,-0.2,1990-91,28,MIN,12,1,0,-0.2,68,114,-0.2,0.0,-.079,-9.8,-1.5,-11.3,-0.3,-0.5,1.0,15.8,7.9,1.2,0.0,1.7,34.1,10.3,F-C,thornbo01
1,Michael Jordan,20.3,1990-91,27,CHI,82,82,1,20.3,125,102,14.9,5.4,.321,8.9,3.2,12.0,10.8,31.6,4.6,14.3,9.5,25.2,3.7,1.7,8.7,32.9,G-F,jordami01
2,John Stockton,14.0,1990-91,28,UTA,82,82,1,14.0,120,104,9.4,4.7,.217,5.8,2.5,8.3,8.1,23.4,1.9,6.8,4.5,57.5,3.8,0.3,20.3,20.9,G,stockjo01
3,Charles Barkley,13.4,1990-91,27,PHI,67,67,1,13.4,123,106,10.3,3.1,.258,8.3,1.0,9.3,7.0,28.9,11.8,18.6,15.3,20.6,2.2,0.8,12.6,29.1,F,barklch01
4,Otis Thorpe,10.4,1990-91,28,HOU,82,82,0,10.4,116,104,5.8,4.5,.164,0.9,0.3,1.2,2.5,17.2,10.1,19.5,14.8,9.6,1.2,0.4,15.3,19.2,F-C,thorpot01
5,Hakeem Olajuwon,8.6,1990-91,28,HOU,56,50,0,8.6,109,93,2.9,5.7,.201,2.1,4.0,6.2,4.3,24.3,11.4,28.3,19.9,10.2,2.9,6.4,13.9,25.0,C,olajuha01
6,Jay Humphries,8.6,1990-91,28,MIL,80,80,0,8.6,119,109,6.3,2.3,.152,2.1,0.0,2.1,2.9,17.4,2.4,7.3,4.8,29.7,2.4,0.2,12.4,19.1,G,humphja01
7,Sam Perkins,8.0,1990-91,29,LAL,73,66,0,8.0,117,104,4.4,3.6,.153,0.0,0.9,0.9,1.9,14.8,8.1,16.5,12.5,6.2,1.3,1.8,10.6,16.9,F-C,perkisa01
8,Alvin Robertson,7.7,1990-91,28,MIL,81,81,1,7.7,109,103,3.4,4.3,.142,1.6,2.8,4.4,4.2,18.6,8.6,12.5,10.5,25.4,4.7,0.4,17.2,20.3,G,roberal01
9,Jerome Kersey,6.7,1990-91,28,POR,73,72,0,6.7,109,103,2.9,3.8,.136,0.4,1.4,1.9,2.3,15.6,8.0,14.5,11.3,13.4,2.0,2.0,12.6,20.3,F,kerseje01
10,Antoine Carr,5.4,1990-91,29,SAC,77,48,0,5.4,108,110,3.6,1.8,.103,1.6,-0.8,0.8,1.8,18.3,7.1,11.9,9.4,14.1,0.9,2.5,10.9,27.2,F-C,carran01
11,Frank Brickowski,4.7,1990-91,31,MIL,75,73,0,4.7,108,105,2.2,2.6,.119,-0.3,0.4,0.1,1.0,16.4,7.9,18.9,13.3,10.6,2.2,1.4,16.4,21.9,F-C,brickfr01
12,Vern Fleming,4.4,1990-91,28,IND,69,45,0,4.4,115,114,3.8,0.6,.109,2.6,-1.0,1.6,1.8,17.2,5.1,7.5,6.4,27.9,1.9,0.4,15.1,19.7,G,flemive01
13,Michael Cage,4.3,1990-91,29,SEA,82,55,0,4.3,110,106,1.7,2.7,.097,-0.7,0.5,-0.2,0.9,12.0,9.8,21.6,15.6,5.4,2.0,1.8,14.4,11.3,F-C,cagemi01
14,Ron Anderson,4.1,1990-91,32,PHI,82,13,0,4.1,107,110,2.3,1.8,.085,-0.2,-1.4,-1.6,0.2,15.5,5.0,12.4,8.8,8.2,1.4,0.3,8.1,23.2,F-G,anderro01
15,Tony Campbell,3.7,1990-91,28,MIN,77,71,0,3.7,104,112,2.3,1.4,.062,1.0,-1.2,-0.2,1.3,16.6,6.1,7.9,6.9,12.4,2.2,1.1,10.1,28.1,F-G,campbto01
16,Danny Young,1.8,1990-91,28,POR,75,1,0,1.8,106,106,0.6,1.2,.096,-0.6,1.1,0.5,0.6,11.7,2.7,6.5,4.6,20.1,2.7,0.5,14.7,15.4,G,youngda01
17,Tim McCormick,1.1,1990-91,28,ATL,56,7,0,1.1,108,111,0.6,0.5,.075,-2.2,-1.0,-3.2,-0.2,11.9,8.6,17.9,13.1,6.5,0.8,1.2,16.6,16.3,C,mccorti01
18,Jim Petersen,1.0,1990-91,28,GSW,62,21,0,1.0,103,110,0.3,0.6,.055,-3.4,-0.7,-4.1,-0.4,9.8,9.1,17.3,13.2,4.2,0.7,2.9,15.1,15.2,F-C,peterji01
19,Steve Colter,0.3,1990-91,28,SAC,19,0,0,0.3,103,110,0.1,0.2,.051,-3.3,0.9,-2.4,0.0,9.5,2.2,9.7,5.9,21.3,2.2,0.3,15.4,12.4,G,coltest01
20,Stuart Gray,0.0,1990-91,27,NYK,8,0,0,0.0,85,107,-0.1,0.0,-.013,-7.0,-2.8,-9.8,-0.1,5.1,6.4,24.3,15.5,0.0,0.0,1.6,13.1,18.1,C-F,grayst01
1,Clyde Drexler,12.4,1990-91,28,POR,82,82,1,12.4,117,103,8.0,4.5,.209,5.2,1.7,6.8,6.4,22.1,8.3,12.8,10.6,25.7,2.4,1.3,12.9,25.7,G,drexlcl01
2,Derek Harper,7.6,1990-91,29,DAL,77,77,0,7.6,113,111,5.7,2.0,.127,3.1,0.0,3.1,3.7,19.4,2.3,6.9,4.6,30.7,2.6,0.3,11.2,24.2,G,harpede01
3,Byron Scott,6.6,1990-91,29,LAL,82,82,0,6.6,112,107,3.6,2.9,.120,0.3,0.6,0.9,2.0,14.2,2.5,8.1,5.4,10.3,1.8,0.5,7.1,19.9,G,scottby01
4,Mark West,6.5,1990-91,30,PHO,82,64,0,6.5,124,103,3.4,3.1,.160,-0.5,1.5,1.0,1.5,14.6,10.1,20.9,15.7,2.4,0.8,4.7,15.4,11.6,C-F,westma01
5,Doc Rivers,6.3,1990-91,29,ATL,79,79,0,6.3,113,110,4.1,2.2,.116,1.0,1.0,1.9,2.6,16.2,1.9,9.0,5.3,19.5,2.8,1.1,9.9,20.1,G,riverdo01
6,John Paxson,5.7,1990-91,30,CHI,82,82,0,5.7,124,110,4.2,1.5,.140,0.6,-0.3,0.3,1.1,14.0,0.9,4.5,2.7,19.9,1.6,0.1,10.4,14.4,G,paxsojo01
7,Rodney McCray,5.3,1990-91,29,DAL,74,68,0,5.3,112,109,3.1,2.3,.100,0.4,0.6,1.0,1.9,14.6,6.8,18.1,12.5,14.7,1.4,1.2,14.4,15.5,F-G,mccraro01
8,Jeff Malone,5.1,1990-91,29,UTA,69,69,0,5.1,110,110,3.1,2.0,.100,-0.8,-1.1,-2.0,0.0,14.4,1.8,7.6,4.9,9.7,1.0,0.2,8.6,22.5,G,malonje01
9,Sedale Threatt,4.6,1990-91,29,SEA,80,57,0,4.6,111,111,3.1,1.4,.106,0.2,0.0,0.3,1.2,15.5,1.4,4.3,2.9,19.7,2.7,0.3,13.2,21.3,G,threase01
10,Fred Roberts,4.2,1990-91,30,MIL,82,82,0,4.2,111,110,2.5,1.7,.096,-0.2,-0.9,-1.1,0.5,13.4,5.9,10.0,7.9,9.5,1.5,0.9,15.1,18.2,F-C,roberfr01
11,Thurl Bailey,3.7,1990-91,29,UTA,82,22,0,3.7,101,106,0.6,3.1,.072,-1.4,0.0,-1.4,0.4,12.5,5.1,13.6,9.6,7.7,1.1,2.3,11.6,20.0,F-C,baileth01
12,Craig Ehlo,3.4,1990-91,29,CLE,82,68,0,3.4,103,109,0.9,2.4,.058,-0.9,0.6,-0.4,1.1,12.0,6.0,10.3,8.1,19.5,2.2,0.7,16.1,15.7,G-F,ehlocr01
13,Dale Ellis,3.2,1990-91,30,MILSEA,51,24,0,3.2,110,111,2.2,1.0,.109,1.9,-1.6,0.3,0.8,17.0,5.4,9.1,7.3,10.6,1.7,0.4,9.3,26.0,G-F,ellisda01
14,Darrell Walker,2.9,1990-91,29,WSB,71,65,0,2.9,101,107,0.3,2.6,.061,-1.1,1.3,0.2,1.3,12.4,6.6,17.0,11.8,26.4,1.7,0.8,20.3,13.7,G,walkeda01
15,Charles Jones,2.9,1990-91,33,WSB,62,54,0,2.9,110,104,0.6,2.3,.092,-3.4,2.9,-0.5,0.6,9.4,8.6,17.6,13.1,4.0,1.7,4.9,24.0,5.3,F-C,jonesch01
16,Lester Conner,2.1,1990-91,31,MILNJN,74,4,0,2.1,108,105,0.7,1.4,.102,-2.0,3.0,1.0,0.8,13.3,2.3,10.4,6.2,21.9,4.2,0.1,18.9,12.6,G,connele01
17,Greg Kite,2.0,1990-91,29,ORL,82,82,0,2.0,99,109,0.0,2.0,.043,-3.8,0.3,-3.5,-0.8,7.4,9.0,20.1,14.4,3.5,0.5,2.2,20.6,9.0,C,kitegr01
18,Sidney Green,1.9,1990-91,30,SAS,66,7,0,1.9,100,102,0.1,1.9,.085,-3.3,0.0,-3.3,-0.4,11.6,10.4,20.5,15.7,6.8,1.4,0.7,17.1,19.7,F-C,greensi02
19,Ed Nealy,1.5,1990-91,30,PHO,55,0,0,1.5,117,105,0.6,0.8,.122,-0.3,1.4,1.1,0.4,11.3,8.8,19.4,14.4,7.6,2.0,0.4,14.3,9.4,F,nealyed01
20,Randy Breuer,1.0,1990-91,30,MIN,73,44,0,1.0,97,109,-0.3,1.3,.031,-2.5,0.1,-2.4,-0.2,11.4,8.3,19.1,13.3,7.0,1.2,3.4,12.8,15.4,C,breuera01
21,Jon Sundvold,0.2,1990-91,29,MIA,24,0,0,0.2,102,113,0.1,0.1,.037,0.1,-2.4,-2.2,0.0,11.6,1.5,3.0,2.2,16.7,1.5,0.0,12.5,23.2,G,sundvjo01
22,Roy Hinson,0.1,1990-91,29,NJN,9,0,0,0.1,99,110,0.0,0.1,.036,-3.6,-1.0,-4.6,-0.1,11.1,6.7,15.6,11.0,7.1,0.0,1.9,13.0,20.5,F-C,hinsoro01
23,Randy Wittman,0.0,1990-91,31,IND,41,0,0,0.0,98,115,0.0,0.1,.006,-1.8,-1.1,-3.0,-0.1,7.4,2.0,8.4,5.3,9.1,1.4,0.7,10.9,10.8,G-F,wittmra01
24,Mark McNamara,0.0,1990-91,31,ORL,2,0,0,0.0,0,108,0.0,0.0,-.019,-6.9,-0.5,-7.4,0.0,1.0,0.0,34.5,16.8,0.0,0.0,0.0,0.0,3.1,C-F,mcnamma01
25,Bob Hansen,-0.1,1990-91,30,SAC,36,24,0,-0.1,93,112,-0.5,0.4,-.004,-3.0,-0.4,-3.4,-0.3,8.1,4.5,9.1,6.7,16.7,1.2,0.4,11.1,16.5,G,hansebo01
26,Ralph Sampson,-0.3,1990-91,30,SAC,25,4,0,-0.3,78,105,-0.8,0.5,-.038,-6.1,-0.4,-6.5,-0.4,7.2,13.0,23.4,18.1,7.1,1.6,3.1,21.0,16.1,C-F,sampsra01
1,Dominique Wilkins,11.4,1990-91,31,ATL,81,81,1,11.4,116,109,8.6,2.8,.177,5.4,-0.5,4.9,5.4,23.5,9.0,17.3,13.0,14.4,1.9,1.3,9.6,28.1,F-G,wilkido01
2,James Worthy,9.0,1990-91,29,LAL,78,74,1,9.0,113,107,5.5,3.5,.143,2.2,0.3,2.5,3.4,18.1,4.3,9.2,6.9,15.1,1.8,0.7,7.5,24.6,F,worthja01
3,Ricky Pierce,7.9,1990-91,31,MILSEA,78,2,1,7.9,118,112,6.7,1.2,.174,4.1,-1.8,2.3,2.4,21.0,3.6,6.9,5.3,13.0,1.4,0.4,9.7,29.7,G,piercri01
4,Terry Cummings,5.6,1990-91,29,SAS,67,62,0,5.6,107,104,2.3,3.2,.122,0.5,-0.3,0.2,1.2,16.3,10.3,15.6,13.1,11.3,1.4,0.8,10.3,24.2,F,cummite01
5,Mark Eaton,5.5,1990-91,34,UTA,80,80,0,5.5,109,103,1.2,4.3,.103,-2.6,2.0,-0.6,0.9,9.5,8.9,20.8,15.2,2.6,0.8,4.5,22.5,7.6,C,eatonma01
6,Rod Higgins,5.3,1990-91,31,GSW,82,9,0,5.3,124,112,4.2,1.2,.127,1.3,-0.6,0.7,1.4,13.4,5.9,13.3,9.6,7.2,1.2,1.1,9.0,14.3,F,higgiro01
7,Sleepy Floyd,3.7,1990-91,30,HOU,82,4,0,3.7,104,106,1.3,2.3,.096,0.8,0.4,1.2,1.5,16.1,3.0,6.1,4.6,26.4,2.5,0.5,11.8,26.4,G,floydsl01
8,Paul Pressey,3.2,1990-91,32,SAS,70,18,0,3.2,105,106,1.0,2.2,.090,-1.2,1.1,-0.1,0.8,11.4,3.5,7.9,5.8,21.8,1.8,1.1,21.2,15.2,G-F,presspa01
9,Darnell Valentine,3.1,1990-91,31,CLE,65,60,0,3.1,107,109,1.5,1.7,.082,-1.6,0.6,-0.9,0.5,13.5,2.3,8.5,5.4,27.4,2.7,0.4,18.1,16.5,G,valenda01
10,Terry Teagle,2.1,1990-91,30,LAL,82,0,0,2.1,103,109,0.7,1.3,.066,-2.2,-1.7,-3.9,-0.7,12.8,6.6,7.3,7.0,8.8,1.1,0.3,9.0,26.7,F-G,teaglte01
11,Cliff Levingston,2.0,1990-91,30,CHI,78,0,0,2.0,106,105,0.7,1.4,.095,-2.7,-0.1,-2.9,-0.2,11.5,11.7,14.4,13.1,7.0,1.4,2.7,13.4,15.7,F,levincl01
12,Trent Tucker,1.9,1990-91,31,NYK,65,13,0,1.9,107,110,1.0,1.0,.078,-0.4,-0.1,-0.5,0.4,11.7,3.3,6.8,5.1,13.9,1.9,0.5,9.4,18.0,G,tucketr01
13,Craig Hodges,1.7,1990-91,30,CHI,73,0,0,1.7,110,109,1.0,0.8,.099,-0.8,-0.9,-1.7,0.1,12.4,1.4,4.4,2.9,15.4,2.0,0.1,9.0,19.8,G,hodgecr01
14,LaSalle Thompson,1.2,1990-91,29,IND,82,77,0,1.2,96,108,-0.7,1.9,.030,-2.5,-0.1,-2.7,-0.3,11.2,9.4,23.3,16.6,10.4,1.6,1.9,21.6,16.8,C-F,thompla01
15,Scott Hastings,0.5,1990-91,30,DET,27,0,0,0.5,134,108,0.4,0.1,.216,1.1,-0.2,0.9,0.1,15.8,14.1,14.2,14.2,9.3,0.0,0.0,17.2,15.8,F-C,hastisc01
16,Quintin Dailey,0.3,1990-91,30,SEA,30,0,0,0.3,104,113,0.2,0.1,.054,-0.2,-2.6,-2.8,0.0,14.5,4.3,8.5,6.4,8.4,1.2,0.2,9.4,28.3,G,dailequ01
17,Mike Sanders,0.1,1990-91,30,IND,80,7,0,0.1,97,114,-0.4,0.5,.003,-3.3,-1.6,-4.9,-1.0,8.4,6.4,9.1,7.8,10.9,1.3,1.1,11.1,18.1,F-G,sandemi01
18,Derek Smith,0.0,1990-91,29,BOS,2,0,0,0.0,107,107,0.0,0.0,.102,-1.1,3.1,2.1,0.0,13.7,0.0,0.0,0.0,35.9,3.0,3.6,14.8,17.8,G-F,smithde02
19,Fat Lever,0.0,1990-91,30,DAL,4,0,0,0.0,91,105,-0.1,0.1,.014,-2.5,2.8,0.3,0.0,13.5,4.0,15.9,9.9,19.5,3.6,2.2,25.5,20.2,G,leverfa01
1,Larry Nance,9.8,1990-91,31,CLE,80,78,0,9.8,116,106,6.1,3.6,.160,2.5,1.1,3.6,4.2,20.6,8.0,19.2,13.6,13.4,1.1,4.1,8.8,22.2,F-C,nancela01
2,Buck Williams,8.5,1990-91,30,POR,80,80,0,8.5,121,104,4.6,3.9,.158,0.2,0.3,0.5,1.6,14.3,9.8,22.2,16.1,4.9,0.9,1.1,15.8,13.7,F-C,willibu01
3,Danny Schayes,6.8,1990-91,31,MIL,82,38,0,6.8,119,107,4.3,2.6,.147,-0.2,-0.4,-0.6,0.8,14.8,9.1,19.7,14.3,6.2,1.2,1.8,12.5,16.3,C-F,schayda01
4,Danny Ainge,6.2,1990-91,31,POR,80,0,0,6.2,119,106,4.1,2.1,.175,2.8,0.9,3.7,2.5,17.0,2.9,10.2,6.6,23.8,1.8,0.5,11.4,20.8,G,aingeda01
5,Mark Aguirre,5.5,1990-91,31,DET,78,13,0,5.5,109,105,2.8,2.7,.132,1.2,0.2,1.4,1.7,16.7,7.6,13.7,10.7,11.6,1.2,0.6,10.9,25.7,F-G,aguirma01
6,Eddie Johnson,5.5,1990-91,31,PHOSEA,81,27,0,5.5,113,112,4.3,1.2,.127,1.9,-2.1,-0.3,0.9,17.8,6.0,9.3,7.7,8.5,1.4,0.3,9.0,27.2,F-G,johnsed03
7,Rolando Blackman,5.5,1990-91,31,DAL,80,80,0,5.5,110,114,4.4,1.0,.089,1.4,-1.4,0.0,1.5,16.6,2.4,7.4,4.9,16.8,1.2,0.4,9.8,24.2,G,blackro01
8,Tom Chambers,5.4,1990-91,31,PHO,76,75,1,5.4,106,106,2.4,3.0,.105,-0.1,-0.8,-0.9,0.7,16.2,4.8,16.2,10.8,11.5,1.2,1.2,10.7,27.2,F-C,chambto01
9,Orlando Woolridge,3.9,1990-91,31,DEN,53,50,0,3.9,113,116,3.7,0.2,.102,2.4,-2.1,0.3,1.1,19.5,6.7,12.6,9.3,9.1,1.6,0.7,11.4,25.7,F,woolror01
10,Isiah Thomas,3.4,1990-91,29,DET,48,46,1,3.4,103,105,1.1,2.3,.098,2.2,0.5,2.7,2.0,17.4,2.4,8.7,5.5,42.6,2.4,0.4,19.5,25.2,G,thomais01
11,Kurt Rambis,2.2,1990-91,32,PHO,62,17,0,2.2,113,105,0.9,1.3,.115,-1.1,0.9,-0.3,0.4,11.4,9.8,21.8,16.1,8.7,1.3,0.7,18.0,11.3,F,rambiku01
12,Kelly Tripucka,2.0,1990-91,31,CHH,77,1,0,2.0,109,112,1.4,0.7,.076,-0.3,-0.7,-1.0,0.3,13.5,4.0,11.9,7.8,18.0,1.3,0.6,15.9,19.1,F-G,tripuke01
13,Alton Lister,1.9,1990-91,32,GSW,77,65,0,1.9,100,107,0.2,1.7,.058,-3.2,0.3,-2.9,-0.3,10.7,8.6,25.7,17.1,7.7,0.6,3.4,18.0,15.1,C-F,listeal01
14,Herb Williams,1.7,1990-91,32,DAL,60,36,0,1.7,100,109,0.1,1.6,.045,-2.1,-0.1,-2.1,-0.1,13.1,5.4,16.9,11.1,8.1,0.8,3.0,13.7,19.9,C-F,willihe01
15,Larry Drew,0.5,1990-91,32,LAL,48,2,0,0.5,100,109,0.0,0.5,.048,-1.2,-0.7,-1.9,0.0,10.3,1.2,6.5,4.0,32.4,1.5,0.1,26.7,16.1,G,drewla01
16,Steve Johnson,0.2,1990-91,33,GSW,24,8,0,0.2,99,110,0.0,0.2,.034,-3.9,-0.6,-4.5,-0.1,9.6,8.7,18.8,13.8,9.9,0.8,1.0,24.0,18.3,C-F,johnsst03
17,Darrell Griffith,0.0,1990-91,32,UTA,75,2,0,0.0,90,107,-1.1,1.2,.002,-4.0,-0.5,-4.5,-0.6,8.6,2.1,8.0,5.3,5.8,2.1,0.4,9.4,22.6,G,griffda01
18,Jawann Oldham,0.0,1990-91,33,IND,4,0,0,0.0,105,115,0.0,0.0,.028,-2.1,-3.5,-5.6,0.0,8.1,0.0,17.5,9.1,0.0,0.0,0.0,0.0,13.3,C,oldhaja01
19,Joe Barry Carroll,0.0,1990-91,32,PHO,11,0,0,0.0,85,103,-0.2,0.2,-.014,-6.8,1.5,-5.3,-0.1,8.6,3.6,22.8,13.7,14.9,0.5,4.8,22.5,22.6,C-F,carrojo01
20,Earl Cureton,-0.1,1990-91,33,CHH,9,1,0,-0.1,70,111,-0.2,0.1,-.041,-6.6,-1.8,-8.5,-0.3,2.4,4.2,22.3,13.0,2.4,0.0,1.2,19.2,8.4,F-C,curetea01
1,Bill Laimbeer,8.0,1990-91,33,DET,82,81,0,8.0,114,103,3.6,4.4,.144,0.2,1.3,1.5,2.3,14.2,7.4,24.2,15.8,8.8,0.7,1.3,10.4,15.5,C,laimbbi01
2,Kevin McHale,7.9,1990-91,33,BOS,68,10,1,7.9,118,106,5.3,2.6,.182,2.6,0.5,3.1,2.7,21.2,8.4,16.5,12.8,8.8,0.6,4.0,11.9,23.9,F-C,mchalke01
3,Kiki Vandeweghe,5.7,1990-91,32,NYK,75,72,0,5.7,116,113,4.5,1.1,.112,0.9,-1.8,-0.8,0.7,14.4,3.8,4.7,4.3,7.1,0.9,0.2,9.3,20.9,F,vandeki01
4,Rick Mahorn,4.4,1990-91,32,PHI,80,74,0,4.4,105,106,1.3,3.1,.086,-2.3,0.6,-1.7,0.1,11.8,7.1,21.2,14.3,6.8,1.6,1.4,16.0,14.2,C-F,mahorri01
5,Larry Smith,4.4,1990-91,33,HOU,81,28,0,4.4,106,101,0.7,3.6,.109,-2.1,1.1,-1.0,0.5,10.3,16.8,22.4,19.6,5.8,2.1,0.7,24.6,8.1,F-C,smithla01
6,James Donaldson,4.3,1990-91,33,DAL,82,82,0,4.3,107,109,1.8,2.5,.074,-1.3,-0.7,-1.9,0.0,12.3,8.2,21.4,14.8,3.5,0.6,2.1,16.9,13.6,C,donalja01
7,Bill Cartwright,4.2,1990-91,33,CHI,79,79,0,4.2,108,108,1.9,2.3,.089,-1.2,-1.4,-2.6,-0.4,11.5,8.8,16.3,12.6,7.1,0.7,0.4,13.4,15.8,C,cartwbi01
8,Mike Gminski,2.9,1990-91,31,CHHPHI,80,79,0,2.9,103,109,0.9,2.0,.063,-0.3,-1.4,-1.7,0.2,14.0,9.6,20.8,15.1,6.4,0.9,1.5,8.8,18.8,C,gminsmi01
9,Rory Sparrow,2.8,1990-91,32,SAC,80,74,0,2.8,105,112,1.5,1.3,.057,-1.1,-0.4,-1.5,0.3,12.4,2.1,6.9,4.4,24.3,1.8,0.4,13.7,16.9,G,sparrro01
10,Sidney Moncrief,1.8,1990-91,33,ATL,72,3,0,1.8,111,111,1.1,0.8,.079,-1.6,0.9,-0.7,0.4,11.2,3.0,10.0,6.4,12.8,2.2,0.5,18.7,13.3,G,moncrsi01
11,Mike Woodson,-0.2,1990-91,32,CLEHOU,15,3,0,-0.2,83,108,-0.4,0.2,-.058,-5.8,-0.7,-6.4,-0.2,5.9,1.9,6.3,4.1,12.6,1.4,1.7,12.7,23.2,G-F,woodsmi01
1,Magic Johnson,15.4,1990-91,31,LAL,79,79,1,15.4,124,105,11.2,4.2,.251,7.0,1.9,9.0,8.1,25.1,4.3,16.9,10.9,49.3,1.8,0.3,20.4,22.9,G-F,johnsma02
2,Larry Bird,6.6,1990-91,34,BOS,60,60,1,6.6,109,103,3.0,3.6,.140,2.9,1.7,4.6,3.8,19.7,2.8,20.4,12.3,25.9,2.3,1.5,14.6,23.7,F,birdla01
3,Vinnie Johnson,3.8,1990-91,34,DET,82,28,0,3.8,103,107,1.0,2.8,.077,-0.9,0.6,-0.2,1.1,12.8,5.2,8.2,6.7,17.8,1.6,0.4,10.3,21.0,G,johnsvi01
4,Mychal Thompson,2.1,1990-91,36,LAL,72,4,0,2.1,107,105,0.6,1.4,.091,-2.6,0.4,-2.2,-0.1,9.6,8.3,15.9,12.3,2.6,1.1,1.3,15.0,12.7,C-F,thompmy01
5,Dave Greenwood,1.7,1990-91,33,SAS,63,11,0,1.7,100,103,0.0,1.6,.079,-4.1,1.6,-2.5,-0.1,7.8,7.0,16.5,12.0,6.6,1.4,1.5,25.2,11.5,F-C,greenda01
6,Gerald Henderson,0.5,1990-91,35,DET,23,10,0,0.5,100,107,0.0,0.5,.061,-2.3,0.7,-1.6,0.0,10.1,2.3,8.5,5.4,23.3,1.6,0.3,18.2,17.3,G,hendege01
7,Paul Mokeski,0.3,1990-91,34,GSW,36,1,0,0.3,103,109,0.1,0.2,.056,-4.5,-0.5,-5.0,-0.2,6.6,8.6,20.1,14.4,4.3,1.4,0.7,9.6,11.3,C-F,mokespa01
8,Pat Cummings,0.1,1990-91,34,UTA,4,0,0,0.1,128,111,0.1,0.0,.208,-2.5,-0.7,-3.2,0.0,14.2,14.5,8.5,11.3,0.0,0.0,0.0,16.1,21.1,F-C,cummipa01
1,Maurice Cheeks,5.2,1990-91,34,NYK,76,64,0,5.2,114,107,2.8,2.4,.117,-0.4,1.7,1.3,1.7,14.2,1.2,7.9,4.6,28.3,3.0,0.3,16.7,13.2,G,cheekma01
2,Reggie Theus,4.7,1990-91,33,NJN,81,81,0,4.7,107,112,2.9,1.8,.076,0.0,-1.1,-1.1,0.6,14.2,2.4,5.9,4.1,20.1,1.4,0.7,15.3,22.4,G,theusre01
3,Bernard King,3.5,1990-91,34,WSB,64,64,1,3.5,103,111,1.9,1.6,.070,2.8,-1.7,1.1,1.8,19.1,5.2,9.4,7.3,21.8,1.1,0.4,12.9,34.4,F,kingbe01
4,Rickey Green,3.3,1990-91,36,PHI,79,75,0,3.3,109,113,2.3,1.0,.070,-0.6,-1.5,-2.0,0.0,13.1,1.7,5.1,3.4,27.4,1.3,0.2,12.1,17.3,G,greenri01
5,Wayne Cooper,1.4,1990-91,34,POR,67,1,0,1.4,103,103,0.2,1.2,.092,-4.1,1.5,-2.6,-0.1,8.3,8.1,19.6,13.9,3.6,0.4,5.0,11.9,10.1,C-F,coopewa01
6,John Long,0.5,1990-91,34,DET,25,0,0,0.5,104,105,0.1,0.3,.090,-1.5,1.5,0.0,0.1,11.9,4.0,10.3,7.1,10.5,1.8,0.5,12.7,18.9,G-F,longjo01
7,Dave Corzine,0.4,1990-91,34,SEA,28,0,0,0.4,115,107,0.2,0.2,.117,-1.6,-0.2,-1.8,0.0,12.5,8.0,19.0,13.4,3.6,1.7,2.2,4.0,14.2,C,corzida01
8,Robert Reid,-0.2,1990-91,35,PHI,3,0,0,-0.2,46,104,-0.2,0.1,-.235,-9.9,-2.0,-11.9,-0.1,0.3,6.2,20.8,13.7,14.1,1.4,4.8,17.6,20.1,F-G,reidro01
1,Jack Sikma,3.5,1990-91,35,MIL,77,44,0,3.5,104,105,1.0,2.6,.088,-0.8,0.3,-0.5,0.8,13.7,6.5,20.8,13.5,10.7,1.7,2.1,14.3,20.1,C-F,sikmaja01
2,James Edwards,3.5,1990-91,35,DET,72,70,0,3.5,105,108,1.5,2.0,.088,-2.0,-0.8,-2.7,-0.4,12.7,5.4,11.2,8.3,5.6,0.3,1.0,12.0,24.2,C-F,edwarja01
3,Walter Davis,2.0,1990-91,36,DENPOR,71,14,0,2.0,106,113,1.3,0.6,.064,-0.6,-1.1,-1.7,0.1,15.5,4.5,7.9,6.1,12.2,2.3,0.1,8.8,24.6,G-F,daviswa03
4,Brad Davis,1.6,1990-91,35,DAL,80,6,0,1.6,105,112,0.8,0.8,.054,-3.0,0.1,-2.9,-0.3,10.3,1.0,8.4,4.7,22.8,1.6,0.7,15.3,15.6,G,davisbr01
5,T.R. Dunn,0.3,1990-91,35,DEN,17,3,0,0.3,118,115,0.3,0.0,.066,-2.5,-0.3,-2.8,0.0,10.7,7.9,10.6,9.1,12.4,2.3,0.2,12.0,9.5,G-F,dunntr01
6,Tree Rollins,0.1,1990-91,35,DET,37,0,0,0.1,81,101,-0.3,0.4,.022,-6.6,2.7,-4.0,-0.1,5.9,7.3,16.5,11.9,2.7,0.5,6.3,27.7,11.8,C,rollitr01
1,Robert Parish,10.0,1990-91,37,BOS,81,81,1,10.0,122,103,6.1,3.9,.198,2.4,-0.3,2.2,2.6,20.6,13.4,24.4,19.3,3.7,1.3,2.4,13.9,19.0,C,parisro01
2,Alex English,0.6,1990-91,37,DAL,79,26,0,0.6,98,113,-0.2,0.8,.017,-1.8,-1.9,-3.7,-0.8,12.2,7.0,9.5,8.3,9.5,1.2,0.9,11.3,22.7,F,englial01
3,Adrian Dantley,0.1,1990-91,35,MIL,10,0,0,0.1,103,111,0.1,0.1,.052,-2.0,-2.2,-4.2,-0.1,12.1,7.4,4.8,6.1,10.4,2.0,0.0,8.9,23.0,F-G,dantlad01
1,Moses Malone,5.6,1990-91,35,ATL,82,15,0,5.6,116,109,3.8,1.8,.140,1.2,-1.7,-0.5,0.7,18.2,15.0,23.4,19.1,5.1,0.8,2.3,15.2,19.4,C-F,malonmo01



